0.0	1.0	11.238836854	3.7469588555
0.0	2.0	11.4282554527	3.22190729613
0.0	3.0	11.4703484746	2.72072171673
0.0	4.0	13.6591856147	1.36036085837
0.0	5.0	11.7018600952	1.31262889842
0.0	6.0	11.5334880075	0.429587639484
0.0	7.0	9.44988342219	0.906907238911
0.0	8.0	8.06081369866	0.930773218882
0.0	9.0	9.0499997139	5.0834537339
0.0	10.0	2.69395340321	2.12407221745
0.0	11.0	13.0277902858	6.8256702718
0.0	12.0	5.99825562433	7.70871153074
0.0	13.0	4.96697658716	5.96649499284
0.0	14.0	5.38790680641	5.53690735335
0.0	15.0	5.51418587219	5.0834537339
0.0	16.0	5.13534867486	4.48680423461
0.0	17.0	6.04034864625	5.44144343347
0.0	18.0	0.273604642513	1.83768045779
0.0	19.0	0.336744175401	0.501185579398
0.0	21.0	4.71441845561	0.620515479255
0.0	22.0	9.63930202085	5.79943313304
0.0	23.0	9.82872061951	6.10969087266
0.0	24.0	2.08360458529	3.5798969957
0.0	25.0	4.31453474732	10.7396909871
0.0	26.0	4.9459300762	10.9306188269
0.0	27.0	4.58813938984	11.1692786266
0.0	28.0	4.69337194465	10.7158250071
0.0	29.0	3.87255801711	11.646598226
0.0	30.0	4.1040696377	11.4795363662
0.0	31.0	7.11372070534	7.54164967095
0.0	32.0	6.77697652994	8.20989711014
0.0	33.0	8.10290672058	11.7897941058
0.0	34.0	7.89244161096	12.0284539056
0.0	35.0	7.36627883689	13.5081446638
0.0	36.0	6.71383699705	11.670464206
0.0	37.0	12.1648833364	6.22902077252
0.0	38.0	12.4384879789	5.77556715307
0.0	39.0	12.922557731	6.03809293275
0.0	40.0	9.09209273582	4.29587639484
0.0	41.0	8.43965089598	4.15268051501
0.0	42.0	7.07162768342	5.53690735335
0.0	43.0	13.4276739941	6.15742283261
0.0	44.0	13.8486042134	5.89489705292
0.0	45.0	14.3747669874	5.91876303289
0.0	46.0	8.01872067673	8.23376309011
0.0	47.0	8.75534856042	8.52015484977
0.0	48.0	14.7325576738	6.32448469241
0.0	49.0	5.05116263101	9.45092806865
0.0	50.0	4.69337194465	9.40319610871
0.0	51.0	6.31395328877	8.75881464948
0.0	52.0	10.144418284	8.32922701
0.0	53.0	6.98744163957	9.78505178825
0.0	54.0	6.65069746417	9.80891776822
0.0	55.0	14.8167437176	7.493917711
0.0	56.0	11.7229066061	7.44618575106
0.0	57.0	1.09441857005	4.43907227467
0.0	58.0	1.53639530027	5.15505167381
0.0	59.0	2.04151156337	4.7493300143
0.0	60.0	8.39755787406	11.7659281259
0.0	61.0	7.93453463288	12.2909796852
0.0	62.0	3.5989533746	11.3602064664
0.0	63.0	4.08302312674	10.4532992274
0.0	64.0	4.92488356524	10.3339693276
0.0	65.0	5.32476727353	10.5010311874
0.0	66.0	6.18767422299	10.5487631473
0.0	82.0	10.5232554813	8.68721670957
0.0	83.0	14.0801158339	8.25762907009
0.0	400.0	7.47151139171	11.9329899857
0.0	401.0	7.32418581497	11.5750002861
0.0	402.0	7.02953466149	11.4556703862
10.0	1.0	10.7867577985	3.67631555479
10.0	2.0	10.9587077931	3.15460523261
10.0	3.0	10.9993275592	2.64673717882
10.0	4.0	13.3645344612	1.90593716051
10.0	5.0	11.3411228973	1.40117168412
10.0	6.0	11.2236833661	0.522426301573
10.0	7.0	8.84332297625	1.20881188555
10.0	8.0	7.68660673374	1.06346806752
10.0	9.0	8.53709624174	4.9118573379
10.0	10.0	2.86085223514	2.44506964806
10.0	11.0	12.5805519279	6.69631666036
10.0	12.0	5.89302306951	7.34332337738
10.0	13.0	4.73314985037	5.8338001442
10.0	14.0	5.13871611662	5.4113722987
10.0	15.0	5.31024518096	4.97152228783
10.0	16.0	4.92972426276	4.37582742775
10.0	17.0	5.84482655941	5.37318673075
10.0	18.0	0.785666254232	2.06035005093
10.0	19.0	0.845859275585	0.662758263804
10.0	21.0	4.13206149728	0.53292733276
10.0	22.0	9.8131462014	5.6645903462
10.0	23.0	9.99309387013	5.93809447667
10.0	24.0	1.40317088587	3.22190729613
10.0	25.0	4.47238357954	10.5179760332
10.0	26.0	5.09557076914	10.8552023302
10.0	27.0	4.71084054875	11.1096136767
10.0	28.0	4.8257544986	10.6816966558
10.0	29.0	3.9729498744	11.6031621425
10.0	30.0	4.19351730929	11.3900389413
10.0	31.0	6.86242536445	7.71396204634
10.0	32.0	6.50210909677	8.32922701
10.0	33.0	8.01872067673	11.7012513202
10.0	34.0	7.90233347111	11.9728461722
10.0	35.0	7.47151139171	13.2694848641
10.0	36.0	6.75214164701	11.5566234815
10.0	37.0	12.3858717015	6.37221665235
10.0	38.0	12.5085728604	5.93475323947
10.0	39.0	13.0728298193	6.20014293676
10.0	40.0	9.0697834342	4.34146041659
10.0	41.0	8.42176136167	4.1648521648
10.0	42.0	6.96029164043	5.62807539684
10.0	43.0	13.4034705065	6.15408159541
10.0	44.0	13.8627053757	5.92019499169
10.0	45.0	14.3467751278	6.14954705922
10.0	46.0	7.82025207836	8.30201979283
10.0	47.0	8.49079391762	8.5748079439
10.0	48.0	14.7247704647	6.51899242917
10.0	49.0	4.99854635361	9.48768167781
10.0	50.0	4.64875334141	9.49006827581
10.0	51.0	6.18977887409	8.87504197194
10.0	52.0	9.73969387814	8.4118033007
10.0	53.0	6.91504164186	9.84471673818
10.0	54.0	6.57598235025	9.86285488296
10.0	55.0	14.5751297718	7.59988266208
10.0	56.0	11.6881798631	7.43711667867
10.0	57.0	0.98918601524	4.34957484978
10.0	58.0	1.50777204536	5.13691352903
10.0	59.0	1.95059063601	4.69133568297
10.0	60.0	8.35925322411	11.7513698781
10.0	61.0	7.92653695872	12.2325080343
10.0	62.0	3.49056384314	11.511994099
10.0	63.0	4.00409871063	10.5876646947
10.0	64.0	4.82722775437	10.3850425247
10.0	65.0	5.21153704455	10.4521059285
10.0	66.0	6.00435911251	10.4795518054
10.0	82.0	10.4485403674	8.76430382488
10.0	83.0	13.9523635124	8.35142237137
10.0	400.0	7.45993581068	12.0153276166
10.0	401.0	7.34649511659	11.6613951336
10.0	402.0	7.09562070592	11.507220903
20.0	1.0	10.3346787431	3.60543359427
20.0	2.0	10.4891601335	3.08730316909
20.0	3.0	10.5283066439	2.57299130071
20.0	4.0	13.0698833077	2.45127480286
20.0	5.0	10.9801752343	1.48995312961
20.0	6.0	10.9138787247	0.615264963661
20.0	7.0	8.2365520652	1.51047787239
20.0	8.0	7.31239976883	1.19592425636
20.0	9.0	8.02398230447	4.74026094191
20.0	10.0	3.02775106707	2.76606707868
20.0	11.0	12.1333135699	6.56720170871
20.0	12.0	5.7877905147	6.97793522402
20.0	13.0	4.49932311357	5.70134395535
20.0	14.0	4.88952542682	5.28559858425
20.0	15.0	5.10630448973	4.85959084177
20.0	16.0	4.72431031576	4.26485062088
20.0	17.0	5.64951493768	5.30516868783
20.0	18.0	1.29793833106	2.28325830386
20.0	19.0	1.35518484088	0.82456960801
20.0	20.0	6.75782420497	0.254650006294
20.0	21.0	3.54991500405	0.445577846065
20.0	22.0	9.98699038195	5.52974755936
20.0	23.0	10.1576775859	5.76649808068
20.0	24.0	0.722526721344	2.86391759656
20.0	25.0	4.63023241176	10.296499739
20.0	26.0	5.24500099698	10.7797858335
20.0	27.0	4.83375217277	11.0499487267
20.0	28.0	4.95792658745	10.6475683044
20.0	29.0	4.0735521968	11.5597260589
20.0	30.0	4.28296498088	11.3005415164
20.0	31.0	6.61091955845	7.88627442173
20.0	32.0	6.22745212871	8.44855690986
20.0	33.0	7.93453463288	11.6124698747
20.0	34.0	7.91201486615	11.9174770987
20.0	35.0	7.57674394652	13.0308250644
20.0	36.0	6.79044629696	11.4425440973
20.0	37.0	12.6068600666	6.51541253218
20.0	38.0	12.578868207	6.09370066608
20.0	39.0	13.2233123727	6.36195428096
20.0	40.0	9.04726366747	4.38728309813
20.0	41.0	8.40408229246	4.17702381458
20.0	42.0	6.84874513232	5.71948210013
20.0	43.0	13.3792670189	6.15050169842
20.0	44.0	13.8770170032	5.94549293046
20.0	45.0	14.3185728032	6.38009242574
20.0	46.0	7.62178347998	8.37003783575
20.0	47.0	8.22623927482	8.62922237824
20.0	48.0	14.7169832557	6.71350016594
20.0	49.0	4.9459300762	9.52443528696
20.0	50.0	4.60413473817	9.5767017831
20.0	51.0	6.06581492452	8.9912692944
20.0	52.0	9.33496947233	8.4943795914
20.0	53.0	6.84264164415	9.90438168811
20.0	54.0	6.50126723633	9.91679199769
20.0	55.0	14.3335158259	7.70608627295
20.0	56.0	11.6536635851	7.42804760628
20.0	57.0	0.883953460427	4.26007742489
20.0	58.0	1.47893832534	5.11877538425
20.0	59.0	1.85945924354	4.63334135164
20.0	60.0	8.32094857415	11.7370502901
20.0	61.0	7.91874974966	12.1737977236
20.0	62.0	3.38217431168	11.6640203914
20.0	63.0	3.92517429452	10.7217915021
20.0	64.0	4.7293614784	10.4363543817
20.0	65.0	5.09809635046	10.4031806695
20.0	66.0	5.82104400202	10.4101018037
20.0	68.0	2.25892202161	13.503132808
20.0	82.0	10.3738252534	8.84115228038
20.0	83.0	13.8246111909	8.44521567266
20.0	400.0	7.44857069476	12.0979039073
20.0	401.0	7.36901488332	11.7475513213
20.0	402.0	7.16149628523	11.5585327599
30.0	1.0	9.88365201312	3.53908616995
30.0	2.0	10.0198229391	3.02000110557
30.0	3.0	10.0572857286	2.4990067628
30.0	4.0	12.7752321543	2.996851105
30.0	5.0	10.6194380364	1.5784959153
30.0	6.0	10.6038636183	0.70810362575
30.0	7.0	7.62999161925	1.81238251902
30.0	8.0	6.93840326902	1.328619105
30.0	9.0	7.51086836721	4.56890320571
30.0	10.0	3.16960455096	3.09064440629
30.0	11.0	11.6585042826	6.40801562231
30.0	12.0	5.68255795989	6.61230841086
30.0	13.0	4.26549637678	5.56864910671
30.0	14.0	4.64012427191	5.1600635296
30.0	15.0	4.90257426362	4.7478980555
30.0	16.0	4.51868590366	4.15387381401
30.0	17.0	5.45399285084	5.23691198511
30.0	18.0	1.80999994278	2.50592789699
30.0	19.0	1.86429994106	0.986142292416
30.0	20.0	6.14558120107	0.413597432903
30.0	21.0	2.96755804572	0.35798969957
30.0	22.0	10.2004020031	5.33786508039
30.0	23.0	10.3220508365	5.59514034448
30.0	24.0	0.0420930219251	2.50592789699
30.0	25.0	4.82722775437	10.0919682907
30.0	26.0	5.39464168992	10.7046079965
30.0	27.0	4.95645333168	10.9902837768
30.0	28.0	5.0903091414	10.6134399531
30.0	29.0	4.17394405409	11.5165286352
30.0	30.0	4.37241265247	11.2110440915
30.0	31.0	6.35962421755	8.05882545692
30.0	32.0	5.95258469554	8.56788680971
30.0	33.0	7.85034858903	11.523927089
30.0	34.0	7.9219067263	11.8618693654
30.0	35.0	7.66703347855	12.8126900074
30.0	36.0	6.8285404818	11.3287033728
30.0	37.0	12.7962786652	6.55526871873
30.0	38.0	12.6615809951	6.16983314219
30.0	39.0	13.3710588796	6.4975130472
30.0	40.0	9.02495436585	4.43286711988
30.0	41.0	8.38619275814	4.18919546437
30.0	42.0	6.73740908933	5.81065014362
30.0	43.0	13.3550635313	6.14716046122
30.0	44.0	13.8911181655	5.97055220943
30.0	45.0	14.2905809436	6.61087645206
30.0	46.0	7.4233148816	8.43829453847
30.0	47.0	7.96168463202	8.68387547237
30.0	48.0	14.7165623255	6.88915377853
30.0	49.0	4.89331379879	9.56118889612
30.0	50.0	4.55951613493	9.6635739502
30.0	51.0	5.94164050984	9.10773527666
30.0	52.0	8.96181483296	8.63948474963
30.0	53.0	6.77045211154	9.96404663804
30.0	54.0	6.42655212242	9.97049045263
30.0	55.0	14.1072658331	7.77338833647
30.0	56.0	11.618936842	7.41897853389
30.0	57.0	0.778720905614	4.17057999999
30.0	58.0	1.45031507043	5.10087589928
30.0	59.0	1.76853831618	4.57510836051
30.0	60.0	8.28285438931	11.7224920423
30.0	61.0	7.91075207549	12.1153260727
30.0	62.0	3.27378478023	11.815808024
30.0	63.0	3.84624987841	10.8561569694
30.0	64.0	4.61718357496	10.5084296412
30.0	65.0	4.98486612148	10.3542554106
30.0	66.0	5.63772889154	10.3408904618
30.0	67.0	8.76460902525	13.7007431221
30.0	68.0	2.39930224973	13.3585049694
30.0	71.0	14.9981646421	7.59224554848
30.0	72.0	14.8617832511	8.18268989298
30.0	82.0	10.2991101395	8.91823939569
30.0	83.0	13.7185367756	8.51848423117
30.0	400.0	7.43699511373	12.1802415382
30.0	401.0	7.39132418494	11.8339461688
30.0	402.0	7.22758232965	11.6100832767
40.0	1.0	9.4349403994	3.48252379742
40.0	2.0	9.5530113259	2.95222172246
40.0	3.0	9.58626481322	2.42526088469
40.0	4.0	12.5552961147	3.50829905579
40.0	5.0	10.2683822335	1.62288663805
40.0	6.0	10.2824833959	0.761324761086
40.0	7.0	7.05184396311	1.96894334764
40.0	8.0	6.51978816598	1.43458405608
40.0	9.0	7.02427303375	4.28990989985
40.0	10.0	3.08541850711	3.44863410586
40.0	11.0	11.1651740656	6.22902077252
40.0	12.0	5.59184749764	6.26267180428
40.0	13.0	4.05713591825	5.44597796966
40.0	14.0	4.39156497745	5.02832332016
40.0	15.0	4.65969752711	4.61090733046
40.0	16.0	4.31306149156	4.04289700715
40.0	17.0	5.2586812291	5.16865528239
40.0	18.0	2.27428597461	2.62525779685
40.0	19.0	2.29912085755	1.29854797024
40.0	20.0	5.53333819716	0.572783519312
40.0	21.0	2.40940457499	0.347727328182
40.0	22.0	10.4304403679	5.12140064205
40.0	23.0	10.5809229213	5.38082384434
40.0	25.0	5.18038820832	9.95545488525
40.0	26.0	5.53270680184	10.6189291285
40.0	27.0	5.09388704827	10.9287095485
40.0	28.0	5.20459169593	10.5828914987
40.0	29.0	4.27433591138	11.4730925516
40.0	30.0	4.46186032406	11.1215466666
40.0	31.0	6.10411957447	8.22922855392
40.0	32.0	5.64972540279	8.68721670957
40.0	33.0	7.76974045205	11.4318044063
40.0	34.0	7.93158812135	11.8065002918
40.0	35.0	7.69691952412	12.676176602
40.0	36.0	6.86684513175	11.2148626483
40.0	37.0	12.9856972639	6.59488624548
40.0	38.0	12.7457670389	6.23665788611
40.0	39.0	13.5093344566	6.52734552216
40.0	40.0	9.00243459912	4.47868980142
40.0	41.0	8.36830322382	4.20112845436
40.0	42.0	6.63217653452	5.88582798053
40.0	43.0	13.3308600437	6.14358056422
40.0	44.0	13.9052193278	5.9958501482
40.0	45.0	14.2905809436	6.75765222889
40.0	46.0	7.26441372383	8.51442701458
40.0	47.0	7.7425904529	8.74974557709
40.0	48.0	14.7331890691	7.02089398797
40.0	49.0	4.84069752139	9.59770384548
40.0	50.0	4.54078474017	9.71226054934
40.0	51.0	5.82399051356	9.21513218654
40.0	52.0	8.63580437815	8.87814454934
40.0	53.0	6.7169939737	10.0017548864
40.0	54.0	6.38067072852	9.98791261801
40.0	55.0	13.9172158391	7.75023833589
40.0	56.0	11.584420564	7.4099094615
40.0	57.0	0.673488350802	4.0810825751
40.0	58.0	1.42169181552	5.0827377545
40.0	59.0	1.63510343668	4.50494237939
40.0	60.0	8.24454973936	11.7081724543
40.0	61.0	7.90275440133	12.0568544217
40.0	62.0	3.11846152932	11.9542307078
40.0	63.0	3.81362778641	10.9275162495
40.0	64.0	4.4473382315	10.6645131502
40.0	65.0	4.87142542739	10.3210816984
40.0	66.0	5.50703005846	10.3206043788
40.0	67.0	8.53078228845	13.5771173459
40.0	68.0	2.53968247785	13.2138771307
40.0	71.0	14.7066704653	7.61969142545
40.0	72.0	14.6584739552	8.17457545979
40.0	82.0	10.1437868886	8.94592393246
40.0	83.0	13.6995949157	8.50989247838
40.0	400.0	7.42562999781	12.2628178289
40.0	401.0	7.41384395167	11.9203410163
40.0	402.0	7.29366837407	11.6616337934
50.0	1.0	8.98622878568	3.42596142489
50.0	2.0	9.11103459569	2.88062378254
50.0	3.0	9.11713808387	2.3348088206
50.0	4.0	12.4102856542	3.98561865521
50.0	5.0	9.92721829082	1.62288663805
50.0	6.0	9.94363456937	0.755596925893
50.0	7.0	6.49284863195	2.02860829756
50.0	8.0	6.03445562318	1.5009314804
50.0	9.0	6.5442021187	3.98418669642
50.0	10.0	2.99954874238	3.80447586723
50.0	11.0	10.6718438487	6.05002592274
50.0	12.0	5.50471494226	5.9170924143
50.0	13.0	3.88750103989	5.33834239999
50.0	14.0	4.14489986897	4.87128517195
50.0	15.0	4.40713939556	4.46771145064
50.0	16.0	4.07313126658	3.89946246752
50.0	17.0	5.07515565351	5.06770218712
50.0	18.0	2.73857200645	2.7445876967
50.0	19.0	2.72573363476	1.62742117425
50.0	20.0	4.92109519326	0.731969605721
50.0	21.0	1.85125110427	0.337226296995
50.0	22.0	10.6606891979	4.90517486351
50.0	23.0	10.8635775635	5.15576765321
50.0	25.0	5.53375912738	9.81918013961
50.0	26.0	5.62552191518	10.4926780944
50.0	27.0	5.25299867114	10.8642714026
50.0	28.0	5.30077425103	10.5556842815
50.0	29.0	4.37767428021	11.3983920343
50.0	30.0	4.58456148297	11.0485167679
50.0	31.0	5.8423009781	8.39700639312
50.0	32.0	5.30498355322	8.80654660943
50.0	33.0	7.69249975681	11.3363404864
50.0	34.0	7.82930207807	11.7241626609
50.0	35.0	7.72701603479	12.5399018563
50.0	36.0	6.98744163957	11.0881342947
50.0	37.0	13.1751158626	6.63474243203
50.0	38.0	12.7889123864	6.35980634276
50.0	39.0	13.6473995686	6.55717799713
50.0	40.0	8.94560901952	4.51997794677
50.0	41.0	8.3504136895	4.21330010414
50.0	42.0	6.53136374701	5.95050478626
50.0	43.0	13.306446091	6.14023932703
50.0	44.0	13.9195309553	6.02114808697
50.0	45.0	14.2905809436	6.90466666551
50.0	46.0	7.14508000668	8.59819660428
50.0	47.0	7.56937766768	8.8268326924
50.0	48.0	14.7498158128	7.15287285721
50.0	49.0	4.78808124398	9.63445745463
50.0	50.0	4.53299753111	9.7449569419
50.0	51.0	5.76506028286	9.2437713625
50.0	52.0	8.31000438845	9.11680434905
50.0	53.0	6.66858699848	10.0337352996
50.0	54.0	6.33773584615	10.0012775668
50.0	55.0	13.7271658451	7.72708833532
50.0	56.0	11.5496938209	7.40084038911
50.0	57.0	0.547209285026	4.02642948097
50.0	58.0	1.3928580955	5.06459960972
50.0	59.0	1.40296042076	4.40613722231
50.0	60.0	8.20624508941	11.6936142066
50.0	61.0	7.89475672716	11.9983827708
50.0	62.0	2.94293362789	12.0866868967
50.0	63.0	3.79258127545	10.9831239828
50.0	64.0	4.27728242292	10.8203579994
50.0	65.0	4.75819519841	10.4313425259
50.0	66.0	5.38201378334	10.3055688114
50.0	67.0	8.29695555166	13.4532529098
50.0	68.0	2.67985224086	13.0692492921
50.0	69.0	3.40027431111	13.6706719874
50.0	71.0	14.4151762885	7.64713730242
50.0	72.0	14.4553751244	8.1662223668
50.0	82.0	9.979413638	8.96835795363
50.0	83.0	13.6806530559	8.50130072559
50.0	400.0	7.41405441678	12.3451554598
50.0	401.0	7.42562999781	12.0107930804
50.0	402.0	7.3597544185	11.7129456503
60.0	1.0	8.53772763707	3.36939905235
60.0	2.0	8.66905786548	2.80902584263
60.0	3.0	8.64843228473	2.24029953991
60.0	4.0	12.2650647285	4.46293825464
60.0	5.0	9.585843883	1.62288663805
60.0	6.0	9.60499620798	0.7496304309
60.0	7.0	5.93385330078	2.08827324749
60.0	8.0	5.5493335455	1.56727890472
60.0	9.0	6.06392073853	3.67822483318
60.0	10.0	2.89789409443	4.14194082403
60.0	11.0	10.1724101435	5.87103107295
60.0	12.0	5.41758238687	5.57151302431
60.0	13.0	3.71786616153	5.23046817052
60.0	14.0	3.89844522559	4.71448568354
60.0	15.0	4.15458126401	4.32451557081
60.0	16.0	3.81825801883	3.74266297911
60.0	17.0	4.89478705456	4.95863465865
60.0	18.0	3.20285803828	2.86391759656
60.0	19.0	3.15234641197	1.95629437825
60.0	20.0	4.32632079346	0.896406207724
60.0	21.0	1.36128832906	0.437940732474
60.0	22.0	10.8985147717	4.65124083662
60.0	23.0	11.1462322058	4.93071146208
60.0	25.0	5.82588469954	9.62825229984
60.0	26.0	5.71854749364	10.3661884006
60.0	27.0	5.41232075913	10.7995945968
60.0	28.0	5.39695680613	10.5282384046
60.0	29.0	4.48290683502	11.3029281144
60.0	30.0	4.70747310699	10.975725529
60.0	31.0	5.58069284683	8.56454557252
60.0	32.0	4.96003123854	8.92587650928
60.0	33.0	7.61525906158	11.2408765665
60.0	34.0	7.6790299898	11.6303693596
60.0	35.0	7.74932533641	12.4301183485
60.0	36.0	7.16275907589	10.9528141882
60.0	37.0	13.4958646896	6.53235737796
60.0	38.0	12.7706019219	6.56720170871
60.0	39.0	13.7854646805	6.58701047209
60.0	40.0	8.80838576805	4.55124238054
60.0	41.0	8.33273462029	4.22547175393
60.0	42.0	6.4305509595	6.01518159198
60.0	43.0	13.2822426034	6.13689808983
60.0	44.0	13.9336321176	6.04644602574
60.0	45.0	14.2905809436	7.05144244233
60.0	46.0	7.02553582441	8.68196619398
60.0	47.0	7.39595441735	8.90415846751
60.0	48.0	14.7664425564	7.28485172645
60.0	49.0	4.7929219415	9.69054250756
60.0	50.0	4.52542078717	9.77741467466
60.0	51.0	5.70613005217	9.27241053847
60.0	52.0	8.02040439761	9.36143064376
60.0	53.0	6.61996955816	10.0659543725
60.0	54.0	6.29480096379	10.0144038558
60.0	55.0	13.5329065489	7.71014348954
60.0	56.0	11.5151775429	7.39177131672
60.0	57.0	0.420930219251	3.97201504663
60.0	58.0	1.36423484059	5.04646146494
60.0	59.0	1.17060693974	4.30733206523
60.0	60.0	8.16794043946	11.6790559588
60.0	61.0	7.85561021677	11.9232049339
60.0	62.0	2.76761619158	12.2193817453
60.0	63.0	3.77153476449	11.0387317161
60.0	64.0	4.16194754284	10.9456543943
60.0	65.0	4.64475450433	10.5413646935
60.0	66.0	5.25699750823	10.2907719038
60.0	67.0	8.06312881486	13.3296271336
60.0	68.0	2.84948711922	12.8935956795
60.0	69.0	3.42363593828	13.4231817751
60.0	71.0	14.1708262962	7.65358111701
60.0	72.0	14.3109960592	8.13949246923
60.0	82.0	9.81482992228	8.99079197481
60.0	83.0	13.661711196	8.4927089728
60.0	400.0	7.42626139314	12.4446765963
60.0	401.0	7.41300209123	12.1110301963
60.0	402.0	7.37827534814	11.8005337968
70.0	1.0	8.1119567203	3.30710884463
70.0	2.0	8.22708113526	2.73742790271
70.0	3.0	8.17993695071	2.14579025922
70.0	4.0	12.1368914768	4.92426764749
70.0	5.0	9.24446947519	1.62288663805
70.0	6.0	9.26614738148	0.743902595707
70.0	7.0	5.38559169021	2.11357118626
70.0	8.0	5.0640010027	1.63338766924
70.0	9.0	5.66803586733	3.37417224835
70.0	10.0	2.79623944648	4.47940578082
70.0	11.0	9.66392643868	5.69203622317
70.0	12.0	5.2805696005	5.2459810575
70.0	13.0	3.55854407355	5.10922899227
70.0	14.0	3.65178011711	4.55768619513
70.0	15.0	3.90202313246	4.18131969098
70.0	16.0	3.56359523618	3.58562483089
70.0	17.0	4.71441845561	4.84956713018
70.0	18.0	3.63052314104	3.05078821974
70.0	19.0	3.53434058594	2.25939232389
70.0	20.0	3.73575569585	1.06203610872
70.0	21.0	0.900369738978	0.586387127896
70.0	22.0	11.1441275547	4.35959856137
70.0	23.0	11.4263612667	4.64957021802
70.0	25.0	6.02624748391	9.35546414877
70.0	26.0	5.81136260698	10.2399373665
70.0	27.0	5.57164284712	10.7351564509
70.0	28.0	5.49313936123	10.5010311874
70.0	29.0	4.58813938984	11.2074641945
70.0	30.0	4.83017426591	10.9026956303
70.0	31.0	5.31908471557	8.73232341172
70.0	32.0	4.61507892387	9.04520640914
70.0	33.0	7.58916138799	11.1193987284
70.0	34.0	7.52854743641	11.5365760583
70.0	35.0	7.75942766167	12.3601910272
70.0	36.0	7.33828697731	10.8177327416
70.0	37.0	13.8166135167	6.43021098368
70.0	38.0	12.7825984331	6.75765222889
70.0	39.0	13.8789111891	6.57364552331
70.0	40.0	8.67116251657	4.5822681545
70.0	41.0	8.31484508598	4.23764340371
70.0	42.0	6.32973817199	6.0798583977
70.0	43.0	13.2580391158	6.13331819284
70.0	44.0	13.94773328	6.07150530471
70.0	45.0	14.2973158271	7.19272904376
70.0	46.0	6.90620210725	8.76597444348
70.0	47.0	7.22547767855	8.97909764462
70.0	48.0	14.8070623226	7.36909863575
70.0	49.0	4.81207426648	9.75116209669
70.0	50.0	4.51763357811	9.81011106722
70.0	51.0	5.64719982147	9.30104971443
70.0	52.0	7.81583231105	9.61989920685
70.0	53.0	6.57135211784	10.0981734455
70.0	54.0	6.25207654654	10.0277688046
70.0	55.0	13.3224414393	7.71730328353
70.0	56.0	11.4804507999	7.38270224434
70.0	57.0	0.294651153476	3.9173619525
70.0	58.0	1.27205112258	5.0004001236
70.0	59.0	0.996762759187	4.2459964967
70.0	60.0	8.09511951153	11.628698741
70.0	61.0	7.80299393937	11.8413446226
70.0	62.0	2.59461387146	12.3518379342
70.0	63.0	3.75048825353	11.0945781093
70.0	64.0	4.08302312674	11.0499487267
70.0	65.0	4.53152427535	10.651625521
70.0	66.0	5.11282890813	10.3554487096
70.0	67.0	7.95957998093	13.1768848618
70.0	68.0	3.02248943933	12.7146008297
70.0	69.0	3.44699756545	13.1756915628
70.0	71.0	13.9736204885	7.63854554963
70.0	72.0	14.2257576898	8.09438576708
70.0	82.0	9.73822062237	8.9958038306
70.0	83.0	13.6427693361	8.48411722001
70.0	400.0	7.46225092688	12.5611425785
70.0	401.0	7.40037418465	12.2112673121
70.0	402.0	7.39174511516	11.8919405001
80.0	1.0	7.70912650047	3.23885214191
80.0	2.0	7.78510440505	2.6658299628
80.0	3.0	7.71144161668	2.05104231874
80.0	4.0	12.0198728758	5.37509600915
80.0	5.0	8.89425553277	1.57515467811
80.0	6.0	8.93487529893	0.727673729326
80.0	7.0	4.85353589307	2.08684128869
80.0	8.0	4.52563125228	1.61071498827
80.0	9.0	5.32792425017	3.07131296251
80.0	10.0	2.71836735592	4.81520011902
80.0	11.0	9.15523226871	5.51304137338
80.0	12.0	5.13808472129	4.92259702889
80.0	13.0	3.42384640339	4.95648672045
80.0	14.0	3.41900570587	4.40947845951
80.0	15.0	3.6296812806	4.03167999656
80.0	16.0	3.30872198842	3.42858668268
80.0	17.0	4.52121148498	4.72260011673
80.0	18.0	4.03398475619	3.28300420486
80.0	19.0	3.73786034695	2.45819593705
80.0	20.0	3.14519059824	1.22766600973
80.0	21.0	0.439661614008	0.734594863518
80.0	22.0	11.3897403376	4.06771762632
80.0	23.0	11.7005973045	4.23740474391
80.0	25.0	6.19125212985	9.06907238911
80.0	26.0	5.82988353663	10.0618971559
80.0	27.0	5.66845679754	10.634919335
80.0	28.0	5.52933936008	10.3857585041
80.0	29.0	4.69337194465	11.1120002747
80.0	30.0	4.95161263416	10.8203579994
80.0	31.0	5.02632774808	8.86883681715
80.0	32.0	4.40314055848	9.20797239254
80.0	33.0	7.61378580581	10.972145632
80.0	34.0	7.42562999781	11.3738100749
80.0	35.0	7.76974045205	12.2905023656
80.0	36.0	7.58347883003	10.6988801614
80.0	37.0	14.2169181552	6.37221665235
80.0	38.0	13.0667263311	6.79345119884
80.0	39.0	13.9725681629	6.56051923432
80.0	40.0	8.55919507825	4.65338877481
80.0	41.0	8.29695555166	4.2498150535
80.0	42.0	6.22892538448	6.14453520342
80.0	43.0	13.2338356281	6.12997695564
80.0	44.0	13.9618344423	6.09680324348
80.0	45.0	14.3657169877	7.28294244806
80.0	46.0	6.78392187856	8.8304125894
80.0	47.0	7.08130907846	9.03351207895
80.0	48.0	14.8718855764	7.40585224491
80.0	49.0	4.83122659145	9.81202034562
80.0	50.0	4.51005683417	9.84256879998
80.0	51.0	5.58826959078	9.3296888904
80.0	52.0	7.6112602245	9.87860642974
80.0	53.0	6.52273467751	10.1301538586
80.0	54.0	6.20914166417	10.0408950935
80.0	55.0	13.1119763297	7.72470173733
80.0	56.0	11.4282554527	7.36480275936
80.0	57.0	0.200152319254	3.87249391015
80.0	58.0	1.08515810523	4.9118573379
80.0	59.0	0.91068252935	4.24050732131
80.0	60.0	7.97010323641	11.5244044086
80.0	61.0	7.75037766196	11.7592456515
80.0	62.0	2.44202666699	12.483100824
80.0	63.0	3.72944174256	11.1501858426
80.0	64.0	4.00409871063	11.154481719
80.0	65.0	4.42839637163	10.7602157299
80.0	66.0	4.96045216876	10.4540152068
80.0	67.0	7.87055323956	13.0208013528
80.0	68.0	3.20033245697	12.5434817533
80.0	69.0	3.47477895992	12.9682961968
80.0	71.0	13.7762042156	7.62374864205
80.0	72.0	14.1403088553	8.04927906494
80.0	82.0	9.69928457709	8.9931785728
80.0	83.0	13.6238274763	8.47552546722
80.0	400.0	7.49824046063	12.6776085608
80.0	401.0	7.38774627808	12.311504428
80.0	402.0	7.40521488217	11.9833472034
90.0	1.0	7.30608581554	3.17083409899
90.0	2.0	7.34186488418	2.59112944549
90.0	3.0	7.24273581754	1.95653303805
90.0	4.0	11.8220356728	5.67676199598
90.0	5.0	8.54172647415	1.51548972818
90.0	6.0	8.6214927507	0.687101563375
90.0	7.0	4.32148009594	2.06035005093
90.0	8.0	3.97379173484	1.56536962632
90.0	9.0	4.98802309813	2.76845367668
90.0	10.0	2.7354150298	5.14407332302
90.0	11.0	8.64653809875	5.3340465236
90.0	12.0	4.99538937696	4.59921300028
90.0	13.0	3.28914873323	4.80374444863
90.0	14.0	3.19191385258	4.26508928068
90.0	15.0	3.35249873123	3.88036968354
90.0	16.0	3.08899641397	3.26415008068
90.0	17.0	4.29853939899	4.55410629813
90.0	18.0	4.43723590624	3.51498153018
90.0	19.0	3.94138010796	2.65699955021
90.0	20.0	2.57377782561	1.39783044692
90.0	21.0	-0.0210465109626	0.88304125894
90.0	22.0	11.6351426554	3.77607535107
90.0	23.0	11.9748333424	3.82500061001
90.0	25.0	6.2731230575	8.75093887609
90.0	26.0	5.82988353663	9.87096931615
90.0	27.0	5.73875214416	10.5191693322
90.0	28.0	5.56574982405	10.2704858209
90.0	29.0	4.8213347313	11.0251281076
90.0	30.0	5.07115681643	10.7234621207
90.0	31.0	4.72010101357	8.991746614
90.0	32.0	4.22466614551	9.38147806694
90.0	33.0	7.63862068875	10.8246538758
90.0	34.0	7.32797418694	11.2034069779
90.0	35.0	7.78005324242	12.2205750443
90.0	36.0	7.87539393708	10.5910059319
90.0	37.0	14.6220634912	6.33999757939
90.0	38.0	13.3434879503	6.8287728492
90.0	39.0	14.0660146716	6.54715428554
90.0	40.0	8.44722763993	4.72450939513
90.0	41.0	8.27906601734	4.26198670328
90.0	42.0	6.11906259725	6.15742283261
90.0	43.0	13.2096321405	6.12663571844
90.0	44.0	13.9761460698	6.12210118225
90.0	45.0	14.4339076832	7.37339451215
90.0	46.0	6.66122071965	8.89007753933
90.0	47.0	6.93693001326	9.08816517309
90.0	48.0	14.936498365	7.44260585406
90.0	49.0	4.85016845132	9.87263993475
90.0	50.0	4.50248009022	9.87502653274
90.0	51.0	5.5274451741	9.36047600456
90.0	52.0	7.40668813794	10.1370749928
90.0	53.0	6.45938467952	10.167862107
90.0	54.0	6.17399399086	10.0609425167
90.0	55.0	12.90151122	7.73186153132
90.0	56.0	11.217790343	7.26790688067
90.0	57.0	0.137433716585	3.83693359999
90.0	58.0	0.898054622772	4.82355321201
90.0	59.0	0.824602299513	4.23501814592
90.0	60.0	7.84508696129	11.4198714163
90.0	61.0	7.6899741755	11.6690322472
90.0	62.0	2.28943946251	12.6143637139
90.0	63.0	3.7083952316	11.2057935759
90.0	64.0	3.92517429452	11.2695157425
90.0	65.0	4.36567776896	10.8635554232
90.0	66.0	4.8080754294	10.5528203639
90.0	67.0	7.8059404509	12.8771281533
90.0	68.0	3.42447779872	12.4434832973
90.0	69.0	3.50382314505	12.7706858827
90.0	71.0	13.5840495706	7.61109967266
90.0	72.0	14.0550704859	8.00417236279
90.0	82.0	9.6601380667	8.99079197481
90.0	83.0	13.6046751513	8.46693371443
90.0	400.0	7.53422999437	12.7938358832
90.0	401.0	7.3751183715	12.4117415439
90.0	402.0	7.41868464919	12.0747539067
100.0	1.0	6.90325559572	3.10257739627
100.0	2.0	6.88789164271	2.48802841201
100.0	3.0	6.78834164586	1.83863509699
100.0	4.0	11.6042042843	5.94095839427
100.0	5.0	8.18919741553	1.45582477825
100.0	6.0	8.30789973736	0.646529397424
100.0	7.0	3.78963476392	2.03385881316
100.0	8.0	3.4219522174	1.52026292417
100.0	9.0	4.71063008364	2.38874593533
100.0	10.0	2.75246270368	5.47294652703
100.0	11.0	8.13447648703	5.1669846638
100.0	12.0	4.7403056641	4.30685474563
100.0	13.0	3.0938371115	4.70493929155
100.0	14.0	2.96482199929	4.12070010185
100.0	15.0	3.07531618185	3.72882071072
100.0	16.0	2.8730592115	3.09899749928
100.0	17.0	4.0756568479	4.38561247953
100.0	18.0	4.84069752139	3.7469588555
100.0	19.0	4.14300568298	2.87298666895
100.0	20.0	2.07750109711	1.5854170495
100.0	22.0	11.9438949712	3.32357637081
100.0	23.0	12.2490693802	3.4128351359
100.0	25.0	6.41497654139	8.40082494991
100.0	26.0	5.82988353663	9.68004147638
100.0	27.0	5.80883702566	10.4034193293
100.0	28.0	5.59900331137	10.1509172612
100.0	29.0	4.96445100585	10.9439837757
100.0	30.0	5.19049053358	10.6268049018
100.0	31.0	4.41408474418	9.11465641086
100.0	32.0	4.04598126744	9.55498374133
100.0	33.0	7.66955905986	10.674298202
100.0	34.0	7.24820791039	11.0346744996
100.0	35.0	7.78531487016	12.131554939
100.0	36.0	8.16730904413	10.4833703622
100.0	37.0	14.9903774331	6.4951264492
100.0	38.0	13.5539530599	6.85979862316
100.0	39.0	14.1918728072	6.56934964691
100.0	40.0	8.33526020161	4.79563001544
100.0	41.0	8.26138694813	4.27391969327
100.0	42.0	6.00730562404	6.15742283261
100.0	43.0	13.1854286529	6.12305582145
100.0	44.0	13.9902472321	6.14739912102
100.0	45.0	14.5020983787	7.46360791644
100.0	46.0	6.53851956074	8.94974248925
100.0	47.0	6.79255094805	9.14281826722
100.0	48.0	15.0013216188	7.47912080342
100.0	49.0	4.8693207763	9.93349818367
100.0	50.0	4.49469288116	9.9077229253
100.0	51.0	5.44999401375	9.4108332223
100.0	52.0	7.16844163385	10.3595059262
100.0	53.0	6.38614282137	10.2093889121
100.0	54.0	6.14684399172	10.0879110741
100.0	55.0	12.6649484368	7.80656204863
100.0	56.0	11.0073252334	7.17101100199
100.0	57.0	0.0747151139171	3.80137328984
100.0	58.0	0.743573232307	4.79205011845
100.0	59.0	0.738522069676	4.22976763032
100.0	60.0	7.73648696472	11.311758527
100.0	61.0	7.62199394509	11.5707044097
100.0	62.0	2.13664179292	12.7456266037
100.0	63.0	3.61789523446	11.3100879084
100.0	64.0	3.84624987841	11.4007786323
100.0	65.0	4.3031696314	10.9666564566
100.0	66.0	4.71589171138	10.6616492326
100.0	67.0	7.79815324185	12.7620941299
100.0	68.0	3.64841267536	12.3432461814
100.0	69.0	3.53286733017	12.5733142283
100.0	71.0	13.4036809716	7.60441719827
100.0	72.0	13.9184786298	7.95811102144
100.0	82.0	9.62099155631	8.98840537681
100.0	83.0	13.5857332914	8.45834196164
100.0	400.0	7.5325462735	12.9196095977
100.0	401.0	7.37364511573	12.5267755674
100.0	402.0	7.43404860219	12.1773776206
110.0	1.0	6.48232537647	3.03694595135
110.0	2.0	6.43412886636	2.38516603834
110.0	3.0	6.34783817142	1.69710983576
110.0	4.0	11.3861624307	6.20515479255
110.0	5.0	7.83666835691	1.39615982832
110.0	6.0	7.99451718913	0.605718571673
110.0	7.0	3.22116850282	2.00903819399
110.0	8.0	2.86674525821	1.47754282003
110.0	9.0	4.43323706915	2.00903819399
110.0	10.0	2.76951037756	5.80205839083
110.0	11.0	7.62157301487	5.00278672159
110.0	12.0	4.45701962654	4.02237226437
110.0	13.0	2.88337200187	4.61973774305
110.0	14.0	2.73773014601	3.97631092303
110.0	15.0	2.79813363247	3.5775103977
110.0	16.0	2.65733247413	2.93360625808
110.0	17.0	3.8527742968	4.21735732074
110.0	18.0	5.11682774522	3.96318463404
110.0	19.0	4.33726497916	3.15770781001
110.0	20.0	1.58143483373	1.77300365207
110.0	22.0	12.2595926357	2.85341656537
110.0	23.0	12.5679240213	2.96439337224
110.0	25.0	6.61702304663	8.01896927037
110.0	26.0	5.81220446742	9.50629714219
110.0	27.0	5.83283004816	10.2721564395
110.0	28.0	5.60489633444	9.9919698346
110.0	29.0	5.10756728039	10.8628394438
110.0	30.0	5.31003471585	10.530147683
110.0	31.0	4.19141265819	9.27646775506
110.0	32.0	3.95674406096	9.75712859168
110.0	33.0	7.75627068503	10.4988832492
110.0	34.0	7.33092069848	10.8812162483
110.0	35.0	7.77921138198	11.9983827708
110.0	36.0	8.45459391877	10.4124884017
110.0	37.0	15.3586913749	6.65025531902
110.0	38.0	13.7644181695	6.89106305693
110.0	39.0	14.366348383	6.64428882402
110.0	40.0	8.22329276329	4.86651197596
110.0	41.0	8.24349741381	4.28609134305
110.0	42.0	5.89533818572	6.15742283261
110.0	43.0	13.1612251653	6.11971458425
110.0	44.0	14.0256053706	6.15742283261
110.0	45.0	14.5704995394	7.53210327896
110.0	46.0	6.41918584358	9.00105434619
110.0	47.0	6.70268234624	9.20105125835
110.0	48.0	15.0661448725	7.51587441258
110.0	49.0	4.88594751996	10.0089146804
110.0	50.0	4.48711613722	9.94018065807
110.0	51.0	5.3723323883	9.46095178024
110.0	52.0	6.91588350229	10.5661853127
110.0	53.0	6.31311142833	10.2509157173
110.0	54.0	6.11969399258	10.1148796315
110.0	55.0	12.4254391421	7.88889967953
110.0	56.0	10.7968601238	7.07411512331
110.0	57.0	0.0119965112487	3.76581297968
110.0	58.0	0.603403469296	4.78465166466
110.0	59.0	0.652441839839	4.22427845493
110.0	60.0	7.69292068703	11.1881327508
110.0	61.0	7.55380324957	11.472615232
110.0	62.0	1.97647784449	12.8759348543
110.0	63.0	3.51013709833	11.4265538907
110.0	64.0	3.7673254623	11.5320415222
110.0	65.0	4.24066149384	11.0699961499
110.0	66.0	4.63865101615	10.7731033591
110.0	67.0	7.79036603279	12.6472987662
110.0	68.0	3.87255801711	12.2432477253
110.0	69.0	3.57517081721	12.4193786575
110.0	71.0	13.2233123727	7.59749606408
110.0	72.0	13.769258867	7.9120496801
110.0	82.0	9.58205551103	8.98601877881
110.0	83.0	13.5667914316	8.44975020885
110.0	400.0	7.47445790324	13.0597029001
110.0	401.0	7.39805906845	12.6766539216
110.0	402.0	7.45741022936	12.3260626758
120.0	1.0	6.06139515722	2.97131450643
120.0	2.0	5.9801556249	2.28230366466
120.0	3.0	5.90754516208	1.55582323433
120.0	4.0	11.1611752286	6.43570015907
120.0	5.0	7.56895673746	1.36250879656
120.0	6.0	7.68113464089	0.565146405721
120.0	7.0	2.64386270712	1.98445623462
120.0	8.0	2.27849527681	1.45654075765
120.0	9.0	3.96326847936	1.68350622718
120.0	10.0	2.79203014429	6.09513262488
120.0	11.0	7.1084590776	4.83882743919
120.0	12.0	4.14763591539	3.72142225693
120.0	13.0	2.67290689224	4.53453619456
120.0	14.0	2.47696387518	3.82404597081
120.0	15.0	2.53820922208	3.4128351359
120.0	16.0	2.44139527166	2.76845367668
120.0	17.0	3.55622895734	4.07607071931
120.0	18.0	5.39316843415	4.17941041258
120.0	19.0	4.53152427535	3.44219029127
120.0	20.0	1.08536857034	1.96035159485
120.0	22.0	12.5752903001	2.38301810014
120.0	23.0	12.8867786624	2.51595160858
120.0	25.0	6.81906955187	7.63711359083
120.0	26.0	5.79010563091	9.33661002459
120.0	27.0	5.78715911937	10.1172662295
120.0	28.0	5.6105788924	9.83278374819
120.0	29.0	5.25068355494	10.7816951119
120.0	30.0	5.38180331823	10.4194095359
120.0	31.0	4.09438824266	9.4967507502
120.0	32.0	3.95674406096	9.98791261801
120.0	33.0	7.8429823102	10.3234682964
120.0	34.0	7.41363348656	10.7277579971
120.0	35.0	7.77289742869	11.8649719428
120.0	36.0	8.73724856099	10.3783600503
120.0	38.0	13.9302646759	6.9142130575
120.0	39.0	14.5408239589	6.71922800113
120.0	40.0	8.05702532668	4.94025785407
120.0	41.0	8.1776218345	4.30446814763
120.0	42.0	5.7833707474	6.15742283261
120.0	43.0	13.1370216777	6.11613468726
120.0	44.0	14.0750646713	6.15742283261
120.0	45.0	14.6389007	7.56790224891
120.0	46.0	6.31395328877	9.01943115077
120.0	47.0	6.64880327818	9.26214816708
120.0	48.0	15.1307576612	7.55262802173
120.0	49.0	4.89689170566	10.1191755079
120.0	50.0	4.47953939327	9.97263839083
120.0	51.0	5.29488122796	9.51130899798
120.0	52.0	6.66332537074	10.7731033591
120.0	53.0	6.23986957018	10.2924425224
120.0	54.0	6.09254399344	10.1418481888
120.0	55.0	12.1859298473	7.97123731043
120.0	56.0	10.5577717593	6.9927321316
120.0	57.0	-0.0505116263101	3.73025266952
120.0	58.0	0.463023241176	4.77749187066
120.0	59.0	0.62381858493	4.19444597996
120.0	60.0	7.64935440934	11.0647456343
120.0	61.0	7.48561255405	11.3690368789
120.0	62.0	1.74812320055	12.9988446512
120.0	63.0	3.40237896221	11.5430198729
120.0	64.0	3.68840104619	11.663304412
120.0	65.0	4.16194754284	11.1752451216
120.0	66.0	4.56141032091	10.8845574855
120.0	67.0	7.7928916141	12.5492095885
120.0	68.0	4.1478463805	12.2248709207
120.0	69.0	3.61915802512	12.2702162827
120.0	71.0	13.0427333086	7.59081358969
120.0	72.0	13.6198286392	7.86574967896
120.0	75.0	14.8954576686	7.79510637824
120.0	82.0	9.54290900064	8.98339352101
120.0	83.0	13.5478495717	8.44091979627
120.0	400.0	7.41636953298	13.1995575428
120.0	401.0	7.42247302116	12.8265322758
120.0	402.0	7.48077185653	12.4745090712
130.0	1.0	5.64046493796	2.90568306151
130.0	2.0	5.52618238344	2.17920263118
130.0	3.0	5.46704168763	1.4142979731
130.0	4.0	10.9361880264	6.6660068658
130.0	5.0	7.32229162898	1.3350629196
130.0	6.0	7.36375325558	0.514550528182
130.0	7.0	2.0663464463	1.96011293505
130.0	8.0	1.69045576051	1.43553869528
130.0	9.0	3.44510337946	1.37133920915
130.0	10.0	2.81960107365	6.35264654877
130.0	11.0	6.67784746331	4.70159805435
130.0	12.0	3.73365104476	3.35555678397
130.0	13.0	2.42034876069	4.38441918054
130.0	14.0	2.21261969749	3.67106503919
130.0	15.0	2.28565109053	3.24243203891
130.0	16.0	2.18083946594	2.64339594163
130.0	17.0	3.25168594371	3.93788669527
130.0	18.0	5.66929865798	4.39587485092
130.0	19.0	4.7447254314	3.6674851422
130.0	20.0	0.589302306951	2.14793819742
130.0	22.0	12.8850949415	1.85295468498
130.0	23.0	13.2056333035	2.06774850472
130.0	25.0	7.10382884519	7.22995997252
130.0	26.0	5.76779632929	9.16716156679
130.0	27.0	5.74169865569	9.96237601944
130.0	28.0	5.61647191547	9.67359766179
130.0	29.0	5.39379982948	10.70055078
130.0	30.0	5.43336727009	10.3027048938
130.0	31.0	3.99715336201	9.71703374533
130.0	32.0	3.95674406096	10.2186966443
130.0	33.0	7.92948347025	10.1480533436
130.0	34.0	7.52728464576	10.5762090243
130.0	35.0	7.76679394051	11.7315611147
130.0	36.0	9.01990320322	10.344231699
130.0	38.0	14.0851669966	6.93521511987
130.0	39.0	14.7150890697	6.79440583804
130.0	40.0	7.76363696387	5.01973156737
130.0	41.0	7.91917067988	4.34790423118
130.0	42.0	5.66845679754	6.14596716222
130.0	43.0	13.1128181901	6.11279345006
130.0	44.0	14.1247344372	6.15742283261
130.0	45.0	14.7073018606	7.60370121887
130.0	46.0	6.20872073395	9.03780795535
130.0	47.0	6.59492421012	9.32324507581
130.0	49.0	4.90762542625	10.2294363353
130.0	50.0	4.47175218421	10.0053347834
130.0	51.0	5.21721960251	9.56142755592
130.0	52.0	6.48927072508	10.9279935691
130.0	53.0	6.16662771203	10.3339693276
130.0	54.0	6.0653939943	10.1688167462
130.0	55.0	12.0026147368	7.97887442402
130.0	56.0	10.315315953	6.9132584183
130.0	58.0	0.340532547374	4.7514779525
130.0	59.0	0.594984864911	4.164613505
130.0	60.0	7.63188580524	10.9320507857
130.0	61.0	7.41531720744	11.2177265659
130.0	62.0	1.5195580915	13.1215157882
130.0	63.0	3.29462082608	11.6594858552
130.0	64.0	3.57222430567	11.7738038993
130.0	65.0	4.06723824351	11.2826420315
130.0	66.0	4.47385683531	10.9976822306
130.0	67.0	7.80257300915	12.4623374214
130.0	68.0	4.42292427878	12.2064941161
130.0	69.0	3.71618244066	12.1401466918
130.0	71.0	12.8286902921	7.61109967266
130.0	72.0	13.437144924	7.85190741057
130.0	73.0	14.9726983639	5.85241560857
130.0	75.0	14.7159309301	7.87219349355
130.0	82.0	9.50397295536	8.98100692302
130.0	83.0	13.5289077118	8.43232804348
130.0	400.0	7.35828116273	13.3394121854
130.0	401.0	7.44709743899	12.97641063
130.0	402.0	7.50434394881	12.6229554666
140.0	1.0	5.21953471871	2.84005161659
140.0	2.0	5.07220914198	2.07634025751
140.0	3.0	5.02653821319	1.27277271187
140.0	4.0	10.7015194291	6.89655223232
140.0	5.0	7.07583698561	1.30785570243
140.0	6.0	7.04384628895	0.457272176251
140.0	7.0	1.48883018549	1.93553097568
140.0	8.0	1.10241624422	1.4142979731
140.0	9.0	2.89852548976	1.0820835319
140.0	10.0	2.84738246812	6.61016047266
140.0	11.0	6.33499979973	4.55339031873
140.0	12.0	3.31966617412	2.98969131101
140.0	13.0	2.16779062914	4.23454082632
140.0	14.0	1.94806505469	3.51808410758
140.0	15.0	2.03309295898	3.07179028211
140.0	16.0	1.92028366022	2.51833820658
140.0	17.0	2.94714293009	3.79970267124
140.0	18.0	5.77579400345	4.63835320743
140.0	19.0	4.97097542425	3.85292380657
140.0	20.0	0.0932360435641	2.3355248
140.0	22.0	13.1892170249	1.26298766008
140.0	23.0	13.5840495706	1.5808825133
140.0	25.0	7.38858813851	6.82280635421
140.0	26.0	5.74569749278	8.9974744492
140.0	27.0	5.69623819201	9.80772446922
140.0	28.0	5.5735370331	9.47169147123
140.0	29.0	5.47461843158	10.6048482003
140.0	30.0	5.48472075684	10.1860002518
140.0	31.0	3.90012894647	9.93731674047
140.0	32.0	3.95674406096	10.4206028349
140.0	33.0	8.00167300285	10.011778598
140.0	34.0	7.71291487245	10.4287172681
140.0	35.0	7.7097578958	11.5847853379
140.0	36.0	9.30255784545	10.3101033476
140.0	38.0	14.2398588522	6.95621718225
140.0	39.0	14.8992460406	6.79321253904
140.0	40.0	7.47024860105	5.09944394048
140.0	41.0	7.66092999037	4.39134031473
140.0	42.0	5.52828703453	6.03236509756
140.0	43.0	13.0709356333	6.08821149069
140.0	44.0	14.174193738	6.15742283261
140.0	45.0	14.7757030213	7.63950018883
140.0	46.0	6.15021143348	9.08888115249
140.0	47.0	6.54104514205	9.38434198453
140.0	49.0	4.91835914684	10.339458503
140.0	50.0	4.46417544027	10.0377925161
140.0	51.0	5.13976844217	9.61178477366
140.0	52.0	6.34910096207	11.0604497579
140.0	53.0	6.12579748076	10.3473342764
140.0	54.0	6.03824399516	10.1957853036
140.0	55.0	11.8192996264	7.98675019741
140.0	56.0	10.0730706118	6.8335460452
140.0	58.0	0.244981387604	4.69730217796
140.0	59.0	0.566361610002	4.13478103004
140.0	60.0	7.67524161782	10.7776378953
140.0	61.0	7.34523232593	11.0666549127
140.0	62.0	1.29099298244	13.2441869253
140.0	63.0	3.14371734248	11.7635415279
140.0	64.0	3.400063846	11.8535162724
140.0	65.0	3.97252894418	11.3900389413
140.0	66.0	4.38377776839	11.1112842953
140.0	67.0	7.81204393908	12.3757039141
140.0	68.0	4.65654055046	12.1866853528
140.0	69.0	3.86645452893	12.0294085448
140.0	71.0	12.6062286712	7.63854554963
140.0	72.0	13.2403600465	7.85190741057
140.0	73.0	14.7007774422	5.75933828668
140.0	75.0	14.5364041916	7.94951926866
140.0	76.0	15.1166564989	8.01610535278
140.0	82.0	9.46482644497	8.97862032502
140.0	83.0	13.4983902709	8.42469092988
140.0	400.0	7.30019279247	13.479266828
140.0	401.0	7.47151139171	13.1262889842
140.0	402.0	7.52770557598	12.7714018621
150.0	1.0	4.80344519698	2.79661553304
150.0	2.0	4.61760450518	1.95223716166
150.0	3.0	4.5828777621	1.13244074964
150.0	4.0	10.378665951	7.12709759884
150.0	5.0	6.79654978514	1.28709229985
150.0	6.0	6.72393932232	0.39999382432
150.0	7.0	0.935727877395	2.03218819456
150.0	8.0	0.56215230781	1.48661189242
150.0	9.0	2.23808597576	0.884711877538
150.0	10.0	2.87516386259	6.86767439655
150.0	11.0	6.1245346901	4.28967124005
150.0	12.0	2.89599990845	2.61881398226
150.0	13.0	1.91523249759	4.0844238123
150.0	14.0	1.683720877	3.36510317596
150.0	15.0	1.78284994364	2.90258048411
150.0	16.0	1.65972785451	2.39351913133
150.0	17.0	2.64617782332	3.65913204921
150.0	18.0	5.83998586189	4.88727537853
150.0	19.0	5.19701495198	4.03860113075
150.0	22.0	13.4931286432	0.672781975392
150.0	23.0	13.9879321159	1.07778765551
150.0	25.0	7.67334743184	6.4156527359
150.0	26.0	5.71938935407	8.80368269183
150.0	27.0	5.69118702938	9.60892085606
150.0	28.0	5.48177424531	9.22706517652
150.0	29.0	5.51376494197	10.4993605688
150.0	30.0	5.53607424359	10.0692956097
150.0	31.0	3.86456034294	10.1311084978
150.0	32.0	3.95674406096	10.5936311897
150.0	33.0	8.06733811706	9.89244869812
150.0	34.0	7.89854509914	10.2812255119
150.0	35.0	7.64724975824	11.4363389425
150.0	36.0	9.51302295507	10.2571208721
150.0	38.0	14.4168600093	6.95120532645
150.0	39.0	15.0844553371	6.78366614706
150.0	40.0	7.17686023823	5.17891765378
150.0	41.0	7.4384683695	4.37773670614
150.0	42.0	5.38790680641	5.91876303289
150.0	43.0	12.8703623838	5.87222437195
150.0	44.0	14.2236530387	6.15742283261
150.0	45.0	14.8472611585	7.6609795708
150.0	46.0	6.12264050412	9.1614337316
150.0	47.0	6.49200677151	9.44901879025
150.0	49.0	4.98002542396	10.4385023199
150.0	50.0	4.4890103232	10.1091517963
150.0	51.0	5.07831263015	9.66739250699
150.0	52.0	6.20872073395	11.1931446066
150.0	53.0	6.08475678438	10.3604605654
150.0	54.0	6.00141260097	10.2163100463
150.0	55.0	11.6359845159	7.994387311
150.0	56.0	9.85334503734	6.71421614534
150.0	58.0	0.149219762724	4.64312640343
150.0	59.0	0.537738355093	4.10494855507
150.0	60.0	7.71859743041	10.6232250048
150.0	61.0	7.28609163013	10.9081848057
150.0	62.0	1.03527787425	13.3298657934
150.0	63.0	2.97429292923	11.8625853448
150.0	64.0	3.22769292122	11.9329899857
150.0	65.0	3.87781964485	11.4974358512
150.0	66.0	4.29348823636	11.2248863599
150.0	67.0	7.82172533412	12.288831747
150.0	68.0	4.82743821948	12.1642513316
150.0	69.0	4.01693708231	11.9184317379
150.0	71.0	12.3837670504	7.6657527668
150.0	72.0	13.0433647039	7.85190741057
150.0	73.0	14.4286460555	5.666022305
150.0	75.0	14.3501425696	8.02803834276
150.0	76.0	14.9457588298	8.08316875649
150.0	82.0	9.42589039969	8.97599506722
150.0	83.0	13.3630612055	8.42469092988
150.0	400.0	7.24210442221	13.6193601304
150.0	401.0	7.39195558027	13.2429936263
150.0	402.0	7.52223348313	12.8725936171
160.0	1.0	4.38714521014	2.75317944949
160.0	2.0	4.16299986839	1.82813406581
160.0	3.0	4.11038359099	1.0018938392
160.0	4.0	10.0560229379	7.35788162517
160.0	5.0	6.44107421498	1.28184178426
160.0	6.0	6.40403235569	0.342715472389
160.0	7.0	0.385361615724	2.14244902203
160.0	8.0	0.0420930219251	1.59902065808
160.0	9.0	1.57785692686	0.687101563375
160.0	10.0	2.80023828357	7.10776615507
160.0	11.0	5.88249981403	4.04647690414
160.0	12.0	2.43297666727	2.22908252932
160.0	13.0	1.69929529512	3.9111567977
160.0	14.0	1.47325576738	3.2457732761
160.0	15.0	1.54249878845	2.73766656251
160.0	16.0	1.39917204879	2.26846139628
160.0	17.0	2.37930806432	3.496127406
160.0	18.0	5.95468934664	5.13977744663
160.0	19.0	5.33444866857	4.23358618712
160.0	22.0	13.7972507266	0.0828149505006
160.0	23.0	14.3918146613	0.57469279771
160.0	25.0	7.93874393507	5.97055220943
160.0	26.0	5.69308121537	8.60965227466
160.0	27.0	5.70360447085	9.39126311872
160.0	28.0	5.39001145751	8.98220022202
160.0	29.0	5.55291145236	10.3938729373
160.0	30.0	5.58090331194	9.94948839025
160.0	31.0	3.89086848165	10.2981703576
160.0	32.0	3.95674406096	10.7666595445
160.0	33.0	8.13321369637	9.77311879827
160.0	34.0	8.08438579094	10.1339724154
160.0	35.0	7.58474162068	11.287892547
160.0	36.0	9.7234880647	10.2041383965
160.0	38.0	14.627325119	6.90729192331
160.0	39.0	15.2696646336	6.77411975507
160.0	40.0	6.9400869899	5.0793965173
160.0	41.0	7.21600674862	4.36413309756
160.0	42.0	5.24752657829	5.80516096823
160.0	43.0	12.6699995995	5.65623725321
160.0	44.0	14.3236239658	6.19823365836
160.0	45.0	14.9232390631	7.6609795708
160.0	46.0	6.09528003986	9.23398631071
160.0	47.0	6.45433351689	9.52252600857
160.0	49.0	5.11788007076	10.5208399508
160.0	50.0	4.52773590337	10.1969786026
160.0	51.0	5.04063937553	9.73135333332
160.0	52.0	6.08033701708	11.3198729602
160.0	53.0	6.04392655312	10.3738255141
160.0	54.0	5.94206144006	10.2220378815
160.0	55.0	11.3794275472	8.09199916908
160.0	56.0	9.64856248567	6.56839500771
160.0	58.0	0.0536686029545	4.58871196909
160.0	59.0	0.508904635075	4.07511608011
160.0	60.0	7.76174277788	10.4688121144
160.0	61.0	7.32692186139	10.685037893
160.0	62.0	0.761041836406	13.3909627021
160.0	63.0	2.80486851598	11.9616291616
160.0	64.0	3.05847897308	12.0162822558
160.0	65.0	3.78731964771	11.6026848229
160.0	66.0	4.20319870433	11.3387270844
160.0	67.0	7.81646370638	12.187639992
160.0	68.0	4.99854635361	12.1418173104
160.0	69.0	4.15037196182	11.7850209099
160.0	71.0	12.1766693825	7.71181410814
160.0	72.0	12.8004879674	7.89009297853
160.0	73.0	14.1565146687	5.57294498311
160.0	75.0	14.1047402518	8.11753576765
160.0	76.0	14.7746506957	8.15023216021
160.0	82.0	9.3867438893	8.97360846923
160.0	83.0	13.22773214	8.42469092988
160.0	401.0	7.31239976883	13.3596982684
160.0	402.0	7.50434394881	12.9534992892
170.0	1.0	3.97105568841	2.70998202575
170.0	2.0	3.7083952316	1.70403096995
170.0	3.0	3.63788941988	0.871346928754
170.0	4.0	9.72874969244	7.58556307409
170.0	5.0	6.08580910993	1.27659126867
170.0	6.0	6.08412538905	0.285437120457
170.0	7.0	-0.165215111056	2.2524711897
170.0	9.0	0.919101133735	0.520994342774
170.0	10.0	2.68153596174	7.34022079999
170.0	11.0	5.5668021496	3.85101452818
170.0	12.0	1.96995342609	1.83935107639
170.0	13.0	1.51976855661	3.71473978254
170.0	14.0	1.26279065775	3.12644337625
170.0	15.0	1.30193716814	2.57299130071
170.0	16.0	1.09041973297	2.10259283548
170.0	17.0	2.11243830531	3.3331227628
170.0	18.0	6.1201149228	5.39538209212
170.0	19.0	5.46241145522	4.42976454248
170.0	23.0	14.7956972067	0.071597939914
170.0	25.0	8.19130206663	5.5001537442
170.0	26.0	5.66677307667	8.4158605173
170.0	27.0	5.71602191232	9.17360538139
170.0	28.0	5.29824866971	8.73733526751
170.0	29.0	5.59205796275	10.2883853058
170.0	30.0	5.59879284626	9.81750952101
170.0	31.0	3.91717662035	10.4652322174
170.0	32.0	3.95674406096	10.9396878993
170.0	33.0	8.16499392792	9.70915797194
170.0	34.0	8.19466950838	10.0084373608
170.0	35.0	7.52917883174	11.1349116154
170.0	36.0	9.92995433724	10.1437574672
170.0	38.0	14.8377902286	6.86337852016
170.0	40.0	6.70331374157	4.98011404062
170.0	41.0	6.99354512775	4.35052948898
170.0	42.0	5.10735681528	5.69155890357
170.0	43.0	12.3837670504	5.39848466952
170.0	44.0	14.4738960541	6.28009396966
170.0	45.0	14.9994274328	7.6609795708
170.0	46.0	6.0677091105	9.30677754963
170.0	47.0	6.41644979715	9.59603322688
170.0	49.0	5.25573471757	10.6031775817
170.0	50.0	4.56646148355	10.2850440687
170.0	51.0	5.00296612091	9.79531415964
170.0	52.0	6.06034283167	11.3936188383
170.0	53.0	6.00288585674	10.3869518031
170.0	54.0	5.88271027914	10.2275270569
170.0	55.0	11.1146624393	8.19987339855
170.0	56.0	9.44399039912	6.42257387009
170.0	58.0	-0.0420930219251	4.53453619456
170.0	59.0	0.480281380165	4.04528360514
170.0	60.0	7.760059057	10.3007956154
170.0	61.0	7.36754162755	10.4616523204
170.0	62.0	0.487016263673	13.4520596108
170.0	63.0	2.63544410273	12.0604343187
170.0	64.0	2.91641502408	12.1322709184
170.0	65.0	3.70123941787	11.7057858563
170.0	66.0	4.1173289396	11.4480332727
170.0	67.0	7.75206138284	12.0284539056
170.0	68.0	5.14566146523	12.1153260727
170.0	69.0	4.27665102759	11.64182503
170.0	70.0	3.43352779843	13.5627977579
170.0	71.0	12.0057717135	7.80131153303
170.0	72.0	12.5268833249	7.95381514505
170.0	73.0	13.8820681658	5.47939034162
170.0	75.0	13.8591274688	8.20703319255
170.0	76.0	14.6037530267	8.21729556393
170.0	82.0	9.26446366061	8.88888424033
170.0	83.0	13.081879819	8.40154092931
170.0	401.0	7.2330544225	13.4764029104
170.0	402.0	7.48645441449	13.0344049614
180.0	1.0	3.55496616668	2.6665459422
180.0	2.0	3.25379059481	1.5799278741
180.0	3.0	3.16539524877	0.740800018311
180.0	4.0	9.3604357506	7.78699194505
180.0	5.0	5.73033353977	1.27134075307
180.0	6.0	5.74380330679	0.256320624892
180.0	9.0	0.26434417769	0.428155680686
180.0	10.0	2.56283363991	7.57291410471
180.0	11.0	5.23384634617	3.6650985442
180.0	12.0	1.48419995308	1.47086034563
180.0	13.0	1.3402418181	3.51808410758
180.0	14.0	1.05232554813	3.00711347639
180.0	15.0	1.06137554784	2.40807737911
180.0	16.0	0.769670905901	1.92622324349
180.0	17.0	1.8453580812	3.17011811959
180.0	18.0	6.28533003386	5.65122539741
180.0	19.0	5.60068703224	4.62737485664
180.0	25.0	8.44386019818	5.02951661916
180.0	26.0	5.68781958763	8.19796412016
180.0	27.0	5.71791609831	8.93613888067
180.0	28.0	5.26162774064	8.47528680742
180.0	29.0	5.62320679897	10.1754992206
180.0	30.0	5.61668238058	9.68553065177
180.0	31.0	3.94348475905	10.6322940772
180.0	32.0	3.86098243608	11.1019765631
180.0	33.0	8.16288927683	9.70080487895
180.0	34.0	8.29674508655	9.88552756393
180.0	35.0	7.50223929771	10.9635538792
180.0	36.0	10.1267392147	10.0669090117
180.0	38.0	15.0482553382	6.81946511701
180.0	40.0	6.47264398142	4.83572486179
180.0	41.0	6.72835908962	4.24265525951
180.0	42.0	4.96024170365	5.60707333447
180.0	43.0	12.0975345013	5.14073208583
180.0	44.0	14.6243786074	6.36195428096
180.0	45.0	15.0756158025	7.6609795708
180.0	46.0	6.04034864625	9.37933012874
180.0	47.0	6.37877654253	9.66930178539
180.0	49.0	5.39295796904	10.6652291296
180.0	50.0	4.60539752883	10.3728708749
180.0	51.0	4.9655033314	9.85927498596
180.0	52.0	6.04034864625	11.4676033762
180.0	53.0	5.96205562547	10.4003167519
180.0	54.0	5.82314865312	10.2332548921
180.0	55.0	10.8498973314	8.30774762803
180.0	56.0	9.23941831256	6.27675273246
180.0	59.0	0.451447660147	4.01545113018
180.0	60.0	7.75332417349	10.1315858174
180.0	61.0	7.40837185882	10.2385054077
180.0	62.0	0.212990690941	13.5131565196
180.0	63.0	2.44497317852	12.1819121568
180.0	64.0	2.77414060997	12.2484982409
180.0	65.0	3.61515918804	11.8088868898
180.0	66.0	4.0341952213	11.5549528629
180.0	67.0	7.6878695244	11.8692678191
180.0	68.0	5.19701495198	12.0730832881
180.0	69.0	4.40293009337	11.4986291502
180.0	70.0	3.44868128632	13.3580276498
180.0	71.0	11.8346635794	7.89080895793
180.0	72.0	12.2532786824	8.01729865177
180.0	73.0	13.5863646868	5.38273312274
180.0	75.0	13.653923987	8.22779659512
180.0	76.0	14.4265414044	8.2495146369
180.0	82.0	9.14239389702	8.80416001143
180.0	83.0	12.9111926151	8.32397649441
180.0	401.0	7.15349861106	13.5931075525
180.0	402.0	7.46856488017	13.1153106335
190.0	1.0	3.17802315535	2.59781191988
190.0	2.0	2.79918595802	1.45582477825
190.0	3.0	2.69269061255	0.610253107867
190.0	4.0	8.99212180875	7.98842081601
190.0	5.0	5.37485796962	1.26585157768
190.0	6.0	5.39022192262	0.246296913304
190.0	9.0	-0.390623243465	0.335555678397
190.0	10.0	2.44413131808	7.80536874963
190.0	11.0	4.74514636162	3.56295214992
190.0	12.0	0.907315087596	1.18804848297
190.0	13.0	1.1720801955	3.329304206
190.0	14.0	0.841860438502	2.88778357653
190.0	15.0	0.82081392754	2.24340211731
190.0	16.0	0.448922078831	1.7500923113
190.0	17.0	1.57848832219	3.00711347639
190.0	18.0	6.48590328333	5.87819086694
190.0	19.0	5.83451376904	4.83954341859
190.0	25.0	8.70609972477	4.55506093733
190.0	26.0	5.72065214473	7.97433988783
190.0	27.0	5.69497540136	8.65237237881
190.0	28.0	5.26162774064	8.20154401715
190.0	29.0	5.63604517066	10.0454296297
190.0	30.0	5.63457191489	9.55355178253
190.0	31.0	3.90412778355	10.7986399576
190.0	32.0	3.66966965143	11.2540028555
190.0	33.0	8.16099509084	9.69221312616
190.0	34.0	8.39882066472	9.76261776708
190.0	35.0	7.47529976368	10.7924348028
190.0	36.0	10.3237345574	9.98982189641
190.0	40.0	6.24597305836	4.6612645482
190.0	41.0	6.42086956446	4.04074906895
190.0	42.0	4.8124951967	5.52569034277
190.0	43.0	11.7005973045	4.90302692531
190.0	44.0	14.7746506957	6.44381459226
190.0	45.0	15.1515937071	7.6609795708
190.0	46.0	6.04918818086	9.46381569784
190.0	47.0	6.35288933405	9.73827446751
190.0	49.0	5.52912889497	10.7074719141
190.0	50.0	4.7579847333	10.4814610838
190.0	51.0	4.92783007677	9.92323581229
190.0	52.0	6.02035446084	11.5415879141
190.0	53.0	5.92101492909	10.4134430409
190.0	54.0	5.7637974922	10.2387440675
190.0	55.0	10.6375380358	8.37576567094
190.0	56.0	9.08977761962	6.13236355364
190.0	59.0	0.422824405238	3.98561865521
190.0	60.0	7.74637882488	9.96213735964
190.0	61.0	7.38037999924	10.0635677745
190.0	62.0	-0.061245346901	13.5742534283
190.0	63.0	2.24061155707	12.3181869024
190.0	64.0	2.63186619587	12.3644869036
190.0	65.0	3.5290789582	11.9117492635
190.0	66.0	3.95127196811	11.6616337934
190.0	67.0	7.62346720086	11.7103203925
190.0	68.0	5.24857890384	12.0306018438
190.0	69.0	4.41050683731	11.303405434
190.0	70.0	3.46362430911	13.1534962014
190.0	71.0	11.6547159106	7.98030638282
190.0	72.0	12.0137693876	8.09343112788
190.0	73.0	13.2906612077	5.28607590385
190.0	75.0	13.4659786441	8.21920484233
190.0	76.0	14.2400693173	8.22898989412
190.0	80.0	15.0495181289	8.30846360742
190.0	82.0	9.02011366833	8.71943578253
190.0	83.0	12.7405054112	8.2466507193
190.0	401.0	7.07394279962	13.7095735347
190.0	402.0	7.45088581096	13.1962163056
200.0	1.0	2.8271778176	2.51213305178
200.0	2.0	2.41571852828	1.37635106495
200.0	3.0	2.22019644144	0.479467537624
200.0	4.0	8.62380786691	8.18984968697
200.0	5.0	5.0048603069	1.2532026083
200.0	6.0	5.03643007334	0.236034541917
200.0	11.0	4.25665684218	3.46056709585
200.0	12.0	0.330430222112	0.905236620313
200.0	13.0	1.10788833707	3.20997430615
200.0	14.0	0.609717422585	2.78993305865
200.0	15.0	0.638340677494	2.15318871301
200.0	16.0	0.128383716872	1.57396137911
200.0	17.0	1.40885344383	2.84148357539
200.0	18.0	6.7016300207	6.09298468668
200.0	19.0	6.06834050583	5.05171198053
200.0	25.0	9.05484041142	4.04361298654
200.0	26.0	5.75348470183	7.75047699569
200.0	27.0	5.67224516952	8.36860587695
200.0	28.0	5.26162774064	7.92780122688
200.0	29.0	5.64867307724	9.9151213791
200.0	30.0	5.65246144921	9.42157291329
200.0	31.0	3.79889522874	10.9645085184
200.0	32.0	3.47835686678	11.4057904881
200.0	33.0	8.15889043974	9.68386003317
200.0	34.0	8.43965089598	9.68051879598
200.0	35.0	7.44836022965	10.6210770666
200.0	36.0	10.5179938535	9.92371313188
200.0	40.0	6.01930213529	4.48680423461
200.0	41.0	6.11316957418	3.83884287839
200.0	42.0	4.66474868974	5.44454601086
200.0	43.0	11.1929554601	4.68536918797
200.0	44.0	15.0166855718	6.40801562231
200.0	46.0	6.05781725035	9.54830126694
200.0	47.0	6.34510212499	9.80008735563
200.0	49.0	5.6652998209	10.7494760389
200.0	50.0	4.92341030947	10.5921992309
200.0	51.0	4.89036728726	9.98695797881
200.0	52.0	6.00036027542	11.6153337923
200.0	53.0	5.88018469783	10.4268079897
200.0	54.0	5.70444633129	10.2444719027
200.0	55.0	10.4384380421	8.43376000227
200.0	56.0	8.94034739178	5.98773571501
200.0	59.0	0.362420918775	3.95650215965
200.0	60.0	7.74511603422	9.80509921143
200.0	61.0	7.35217767455	9.88839148153
200.0	63.0	2.03603947052	12.4547003078
200.0	64.0	2.47801620073	12.481907525
200.0	65.0	3.43836849595	12.0158049362
200.0	66.0	3.86813824981	11.7685533837
200.0	67.0	7.5544346449	11.515573996
200.0	68.0	5.29993239059	11.9881203994
200.0	69.0	4.36715102473	11.0857476967
200.0	70.0	3.49308942445	12.9682961968
200.0	71.0	11.3947915002	8.07171308611
200.0	72.0	11.7972007898	8.17767803718
200.0	73.0	12.9947472636	5.18918002517
200.0	75.0	13.2780333012	8.21085174934
200.0	76.0	14.0535972301	8.20846515134
200.0	77.0	15.055411152	7.02351924577
200.0	80.0	14.8323181357	8.29295072044
200.0	81.0	15.0482553382	7.9951032904
200.0	82.0	8.99612064583	8.71418526694
200.0	83.0	12.5698182073	8.16932494419
200.0	402.0	7.43299627664	13.2771219777
210.0	1.0	2.47654294496	2.42645418369
210.0	2.0	2.03225109854	1.29663869184
210.0	3.0	1.71465924812	0.352261864377
210.0	4.0	8.3001125283	8.37552701114
210.0	5.0	4.6310742722	1.23864436051
210.0	6.0	4.68263822406	0.226010830329
210.0	11.0	3.78647778727	3.35627276337
210.0	12.0	-0.246244178262	0.622186097853
210.0	13.0	1.04348601352	3.09064440629
210.0	14.0	0.377784871778	2.69184388097
210.0	15.0	0.456077892559	2.06297530872
210.0	17.0	1.23942903058	2.67561501459
210.0	18.0	6.91735675806	6.30777850643
210.0	19.0	6.30216724263	5.26388054248
210.0	25.0	9.40358109807	3.53216503576
210.0	26.0	5.72696609802	7.49129245321
210.0	27.0	5.64951493768	8.08483937509
210.0	28.0	5.25299867114	7.64546668382
210.0	29.0	5.66151144893	9.78505178825
210.0	30.0	5.71160214502	9.28720744605
210.0	31.0	3.69366267393	11.1301384194
210.0	32.0	3.2689440827	11.5566234815
210.0	33.0	8.15678578865	9.67526828038
210.0	34.0	8.43965089598	9.62538838224
210.0	35.0	7.44436139256	10.4501966501
210.0	36.0	10.7021508245	9.90151777051
210.0	40.0	5.64046493796	4.38346454134
210.0	41.0	5.70360447085	3.69994287496
210.0	42.0	4.51700218278	5.36316301916
210.0	43.0	10.6855240808	4.46795011044
210.0	44.0	15.2587204479	6.37221665235
210.0	46.0	6.06665678496	9.63302549583
210.0	47.0	6.33731491593	9.86190024376
210.0	49.0	5.80946842099	10.7867069676
210.0	50.0	5.09199286228	10.6976868624
210.0	51.0	4.88110682244	10.0253822066
210.0	52.0	5.92438237085	11.6699868864
210.0	53.0	5.76674400374	10.4532992274
210.0	54.0	5.64488470527	10.2499610781
210.0	55.0	10.2393380484	8.4917543336
210.0	56.0	8.79070669884	5.84334653618
210.0	59.0	0.175317436318	3.93001092188
210.0	60.0	7.74511603422	9.65116364061
210.0	61.0	7.32418581497	9.71345384834
210.0	63.0	1.83778133725	12.5850085585
210.0	64.0	2.30627667128	12.6012374249
210.0	65.0	3.30619640711	12.126781743
210.0	66.0	3.75848592769	11.8802461699
210.0	67.0	7.4822451123	11.297438939
210.0	68.0	5.35149634245	11.9456389551
210.0	69.0	4.32379521215	10.8680899594
210.0	70.0	3.54381151587	12.811974028
210.0	71.0	11.1348670898	8.1628811296
210.0	72.0	11.580632192	8.26192494648
210.0	73.0	12.6822065758	5.0846470329
210.0	74.0	14.9560716202	5.40158724691
210.0	75.0	13.1043995857	8.20989711014
210.0	76.0	13.8673356081	8.18817906837
210.0	77.0	14.8089565086	6.98939089441
210.0	80.0	14.6151181426	8.27767649326
210.0	81.0	14.8377902286	7.95787236165
210.0	82.0	8.98307180904	8.71752650413
210.0	83.0	12.3711391438	8.04760844634
210.0	402.0	7.31492535014	13.4231817751
220.0	1.0	2.12569760722	2.34077531559
220.0	2.0	1.6485732037	1.21716497854
220.0	3.0	1.20091391552	0.226010830329
220.0	4.0	7.98146835233	8.55977237652
220.0	5.0	4.25749870261	1.22408611273
220.0	6.0	4.32884637478	0.215748458941
220.0	11.0	3.35965454495	3.2472052349
220.0	13.0	0.979294155088	2.97131450643
220.0	14.0	0.145641855861	2.59399336309
220.0	15.0	0.273604642513	1.97300056423
220.0	17.0	1.06979415223	2.50998511359
220.0	18.0	7.13308349543	6.52257232617
220.0	19.0	6.58292769887	5.44931920686
220.0	25.0	9.75232178472	3.02071708497
220.0	26.0	5.66045912338	7.20871925034
220.0	27.0	5.61773470612	7.81706307981
220.0	28.0	5.20964285856	7.3297197688
220.0	29.0	5.7877905147	9.61464869126
220.0	30.0	5.8117835372	9.15093270041
220.0	31.0	3.58843011912	11.2960069802
220.0	32.0	2.9867103707	11.7029219387
220.0	33.0	8.15489160266	9.66691518739
220.0	34.0	8.43965089598	9.57025796851
220.0	35.0	7.49424162355	10.2805095325
220.0	36.0	10.8863077954	9.87908374934
220.0	40.0	5.26162774064	4.27988618826
220.0	41.0	5.2826742516	3.56844132532
220.0	42.0	4.35852195524	5.27652951186
220.0	43.0	10.1690427018	4.25220165149
220.0	46.0	6.07549631956	9.71751106493
220.0	47.0	6.32952770688	9.92371313188
220.0	49.0	6.02666841413	10.7790698541
220.0	50.0	5.29004053044	10.7537719153
220.0	51.0	4.87879170623	10.0573626197
220.0	52.0	5.8423009781	11.7222533825
220.0	53.0	5.63520331022	10.4831317024
220.0	54.0	5.58553354435	10.2556889133
220.0	55.0	10.0579171239	8.55404454133
220.0	56.0	8.63075321552	5.70683313075
220.0	59.0	-0.011786046139	3.90351968411
220.0	60.0	7.74511603422	9.4972280698
220.0	61.0	7.3008241878	9.62061518625
220.0	63.0	1.69571738825	12.6625729934
220.0	64.0	2.13453714182	12.7205673247
220.0	65.0	3.17402431826	12.2377585499
220.0	66.0	3.64209872207	11.993370915
220.0	67.0	7.41026604481	11.0793038821
220.0	68.0	5.32666145951	11.9279781299
220.0	69.0	4.28506963198	10.6227476852
220.0	70.0	3.59453360729	12.6556518592
220.0	71.0	10.8749426795	8.25404917309
220.0	72.0	11.3604856874	8.35166103117
220.0	73.0	12.3444100749	4.96794239084
220.0	74.0	14.5997541896	5.32211353361
220.0	75.0	12.9320286609	8.20989711014
220.0	76.0	13.6814949163	8.1607331914
220.0	77.0	14.5622914001	6.95526254305
220.0	80.0	14.3979181495	8.26216360628
220.0	81.0	14.627325119	7.92064143289
220.0	82.0	8.97002297224	8.72110640113
220.0	83.0	12.1537286855	7.89653679312
220.0	402.0	7.1718090756	13.5854704389
230.0	1.0	1.78095575765	2.1646443834
230.0	2.0	1.26510577396	1.13769126523
230.0	3.0	0.687168582927	0.0997597962802
230.0	4.0	7.66282417636	8.7437790821
230.0	5.0	3.88371266792	1.20928920515
230.0	6.0	3.91864987612	0.205724747353
230.0	11.0	2.93262083752	3.13813770643
230.0	13.0	0.841860438502	2.85198460658
230.0	14.0	-0.0862906949465	2.4961428452
230.0	15.0	0.0911313924679	1.88278715994
230.0	17.0	0.883953460427	2.36273201716
230.0	18.0	7.39953232421	6.67483727839
230.0	19.0	6.91020094433	5.60850529327
230.0	25.0	10.1313694472	2.52478202117
230.0	26.0	5.59395214874	6.92614604748
230.0	27.0	5.5800614515	7.56002647552
230.0	28.0	5.16628704598	7.01373419398
230.0	29.0	5.91406958048	9.44400693446
230.0	30.0	5.91196492938	9.01441929498
230.0	31.0	3.37354524219	11.4480332727
230.0	32.0	2.70447665869	11.8494590558
230.0	33.0	8.15278695156	9.6583234346
230.0	34.0	8.43965089598	9.51512755478
230.0	35.0	7.54412185453	10.1110610747
230.0	36.0	11.0704647663	9.85664972817
230.0	40.0	4.88279054331	4.17654649499
230.0	41.0	4.86174403235	3.43670111587
230.0	42.0	4.15710684532	5.1674619834
230.0	43.0	9.5725845811	4.05315937853
230.0	46.0	6.07739050555	9.79817807724
230.0	47.0	6.32174049782	9.98576467981
230.0	49.0	6.24407887237	10.7711940807
230.0	50.0	5.4880881986	10.8098569682
230.0	51.0	4.87668705513	10.0893430329
230.0	52.0	5.76000912023	11.7747585385
230.0	53.0	5.50366261671	10.5129641774
230.0	54.0	5.52597191833	10.2611780887
230.0	55.0	10.0345554967	8.65332701801
230.0	56.0	8.42870671028	5.60182281887
230.0	59.0	-0.198679063486	3.87678978655
230.0	60.0	7.79415440476	9.39532033532
230.0	61.0	7.27746256063	9.52777652416
230.0	63.0	1.55365343926	12.7401374283
230.0	64.0	1.96279761237	12.8398972246
230.0	65.0	3.04185222942	12.3487353568
230.0	66.0	3.52592198156	12.1062570003
230.0	67.0	7.33744511687	10.8583049076
230.0	68.0	5.26920448458	11.9205796761
230.0	69.0	4.2570777724	10.3124899456
230.0	70.0	3.67261616297	12.4862034014
230.0	71.0	10.6019694323	8.29772391644
230.0	72.0	11.1266589506	8.46454711644
230.0	73.0	12.006824039	4.85147640858
230.0	74.0	14.2436472241	5.24263982031
230.0	75.0	12.7598682013	8.20989711014
230.0	76.0	13.4958646896	8.13257133504
230.0	77.0	14.3158367567	6.92113419169
230.0	80.0	14.1853483888	8.30058783403
230.0	81.0	14.4168600093	7.88317184433
230.0	82.0	8.95676367033	8.72444763832
230.0	83.0	11.9361077622	7.7452264801
230.0	240.0	15.172640218	4.53334289556
230.0	402.0	7.02869280105	13.7477591027
240.0	1.0	1.43894995451	1.94985056366
240.0	2.0	0.836598810761	1.02814641717
240.0	3.0	0.173423250331	-0.0267298975679
240.0	4.0	7.38101139457	8.93566156107
240.0	5.0	3.51013709833	1.19473095737
240.0	6.0	3.50213942417	0.195462375965
240.0	11.0	2.5057975952	3.02883151816
240.0	13.0	0.631395328877	2.73265470672
240.0	15.0	-0.0911313924679	1.79257375565
240.0	17.0	0.673488350802	2.24340211731
240.0	18.0	7.68744859418	6.80061099283
240.0	19.0	7.23768465491	5.76769137967
240.0	25.0	10.530411295	2.03934798855
240.0	26.0	5.5274451741	6.64357284462
240.0	27.0	5.54217773177	7.30298987123
240.0	28.0	5.12293123339	6.69798727896
240.0	29.0	6.04034864625	9.27360383747
240.0	30.0	6.01235678667	8.87814454934
240.0	31.0	3.1464533889	11.5988662661
240.0	32.0	2.42224294668	11.9959961728
240.0	33.0	8.15068230047	9.64997034161
240.0	34.0	8.44259740752	9.4941254924
240.0	35.0	7.59400208551	9.94137395706
240.0	36.0	11.1230810437	9.85664972817
240.0	40.0	4.45049520814	4.06700164692
240.0	41.0	4.4408138131	3.34648771158
240.0	42.0	3.95590220052	5.05863311473
240.0	43.0	8.97633692553	3.85435576537
240.0	46.0	6.05192422728	9.86404818196
240.0	47.0	6.31395328877	10.0475775679
240.0	49.0	6.4612788655	10.7635569671
240.0	50.0	5.68634633186	10.8659420212
240.0	51.0	4.87458240404	10.121323446
240.0	52.0	5.67792772748	11.8270250346
240.0	53.0	5.37212192319	10.5427966523
240.0	54.0	5.39800913168	10.3151152034
240.0	55.0	10.0111938696	8.75284815449
240.0	56.0	8.22666020504	5.496812507
240.0	60.0	7.86444975138	9.31560796222
240.0	61.0	7.25410093346	9.43493786207
240.0	63.0	1.41158949026	12.8177018632
240.0	64.0	1.80915808234	12.9344065053
240.0	65.0	2.90989060568	12.4597121636
240.0	66.0	3.40953477593	12.2193817453
240.0	67.0	7.26041488675	10.6115306747
240.0	68.0	5.21195797477	11.9134198821
240.0	69.0	4.22887544771	10.002232206
240.0	70.0	3.77784871778	12.3041059742
240.0	71.0	10.3237345574	8.32087391701
240.0	72.0	10.8928322138	8.5771945419
240.0	73.0	11.6690275381	4.73501042631
240.0	74.0	13.8875402586	5.1629274472
240.0	75.0	12.5733961141	8.11109195306
240.0	76.0	13.3100239978	8.10464813847
240.0	77.0	14.0710658342	6.89893883032
240.0	78.0	15.2048413798	8.19175896536
240.0	80.0	13.9748832791	8.36192340256
240.0	81.0	14.2114460624	7.87004555535
240.0	82.0	8.94371483354	8.72778887552
240.0	83.0	11.6153589351	7.61587286866
240.0	240.0	14.9813274334	4.30566144663
250.0	1.0	1.09694415137	1.73505674392
250.0	2.0	0.363052314104	0.889007753933
250.0	4.0	7.15497186683	9.13899971043
250.0	5.0	3.08099873981	1.12981549184
250.0	6.0	3.08583943733	0.185438664377
250.0	11.0	2.25197667299	2.90305780371
250.0	13.0	0.420930219251	2.61332480686
250.0	17.0	0.463023241176	2.12407221745
250.0	18.0	7.97557532926	6.92614604748
250.0	19.0	7.56495790038	5.92663880628
250.0	25.0	10.929663608	1.55367529613
250.0	26.0	5.34581378449	6.33832696079
250.0	27.0	5.50450447715	7.04595326694
250.0	28.0	4.92951379765	6.44381459226
250.0	29.0	6.2032486411	9.10892857566
250.0	30.0	6.14558120107	8.73638062831
250.0	31.0	2.91936153562	11.7496992595
250.0	32.0	2.14000923467	12.14229463
250.0	33.0	8.14878811448	9.64137858882
250.0	34.0	8.4465962446	9.48744301801
250.0	35.0	7.63293813079	9.76906158167
250.0	36.0	11.1756973211	9.85664972817
250.0	40.0	4.01819987297	3.95721813905
250.0	41.0	4.01988359385	3.25603564749
250.0	42.0	3.75448709061	4.94956558626
250.0	43.0	8.38008926996	3.65555215221
250.0	46.0	6.02645794902	9.92991828668
250.0	47.0	6.30869166103	10.1132090129
250.0	49.0	6.67805792842	10.7707167611
250.0	50.0	5.92859167304	10.9000703725
250.0	51.0	4.87247775294	10.1533038592
250.0	52.0	5.5975300556	11.8871673041
250.0	53.0	5.22921611376	10.6074734581
250.0	54.0	5.25299867114	10.3809853081
250.0	55.0	9.98783224239	8.85236929097
250.0	56.0	8.0246136998	5.39180219513
250.0	60.0	7.93453463288	9.23613424891
250.0	61.0	7.26230907274	9.38481930413
250.0	63.0	1.27057786681	12.8964595971
250.0	64.0	1.66730459845	13.0122096
250.0	65.0	2.77729758662	12.5566080423
250.0	66.0	3.33250454581	12.3881142237
250.0	67.0	7.18317419152	10.3649951016
250.0	68.0	5.15450099984	11.9062600881
250.0	69.0	4.24760684246	9.70223683775
250.0	70.0	3.88308127259	12.122008547
250.0	71.0	10.0452892173	8.34378525778
250.0	72.0	10.6587950119	8.68984196737
250.0	73.0	11.3343880138	4.61782846466
250.0	74.0	13.5337484094	5.0839310535
250.0	75.0	12.3774530971	7.94665535106
250.0	76.0	13.1405995846	8.03281153876
250.0	77.0	13.8305042139	6.90466666551
250.0	78.0	14.9186088307	8.05810947752
250.0	80.0	13.7644181695	8.42325897109
250.0	81.0	14.0070844409	7.86312442116
250.0	82.0	8.93066599674	8.73136877252
250.0	83.0	11.2255775521	7.50107750499
250.0	240.0	14.7900146487	4.0777413379
260.0	1.0	0.754938348227	1.52026292417
260.0	2.0	-0.110494182553	0.7498690907
260.0	4.0	6.92893233909	9.34209919998
260.0	5.0	2.64554642799	1.05941085093
260.0	6.0	2.66932898538	0.17517629299
260.0	11.0	2.04151156337	2.77274955307
260.0	13.0	0.204361621446	2.497574804
260.0	17.0	0.252558131551	2.00474231759
260.0	18.0	8.26349159923	7.05168110213
260.0	19.0	7.88402300657	5.98081458082
260.0	25.0	11.217790343	1.2529639485
260.0	26.0	5.13534867486	6.02735324176
260.0	27.0	5.41568820088	6.73139965092
260.0	28.0	4.69842310728	6.20515479255
260.0	29.0	6.40298003014	8.94974248925
260.0	30.0	6.35604631069	8.5819677379
260.0	31.0	2.6872185197	11.8981456549
260.0	32.0	1.85756505755	12.2644884475
260.0	33.0	8.14668346338	9.63302549583
260.0	34.0	8.45080554679	9.48099920342
260.0	35.0	7.66092999037	9.59412394848
260.0	36.0	11.2283135985	9.85664972817
260.0	40.0	3.5859045378	3.84767329098
260.0	41.0	3.5989533746	3.1658222432
260.0	42.0	3.55328244581	4.84073671759
260.0	43.0	7.79541719542	3.43001864148
260.0	46.0	6.00120213586	9.9957883914
260.0	47.0	6.30343003328	10.1788404578
260.0	49.0	6.89504745644	10.7781152149
260.0	50.0	6.18977887409	10.9248909917
260.0	51.0	4.87016263673	10.1852842724
260.0	52.0	5.51755331394	11.9492188521
260.0	53.0	5.0835742579	10.6809806764
260.0	54.0	5.1077777455	10.4466167531
260.0	55.0	9.90364619854	8.90201052931
260.0	56.0	7.82256719456	5.28679188325
260.0	60.0	7.97810091057	9.18506105177
260.0	61.0	7.31787186168	9.39818425292
260.0	63.0	1.1369325222	12.983570424
260.0	64.0	1.52545111457	13.0900126947
260.0	65.0	2.64449410244	12.649924024
260.0	66.0	3.25547431569	12.5570853619
260.0	67.0	7.1128788449	10.1258579822
260.0	68.0	5.09704402491	11.8991002941
260.0	69.0	4.37493823379	9.42586878968
260.0	70.0	3.9883138274	11.9399111199
260.0	71.0	9.79820317862	8.36383268096
260.0	72.0	10.3969764155	8.71108268954
260.0	73.0	11.0262670933	4.4956346472
260.0	74.0	13.1858495831	5.00612795879
260.0	75.0	12.18151008	7.78198008926
260.0	76.0	12.9875914499	7.91706153589
260.0	77.0	13.5899425936	6.9103945007
260.0	78.0	14.6323762816	7.92445998969
260.0	80.0	13.5501646879	8.46955897223
260.0	81.0	13.8027228195	7.85620328697
260.0	82.0	8.91761715994	8.73471000971
260.0	83.0	10.8357961691	7.38604348153
260.0	84.0	4.13058824151	-0.0613355685264
260.0	240.0	14.6795204662	3.8290578266
260.0	241.0	15.1033971969	4.76412692188
270.0	1.0	0.435031381596	1.25702116509
270.0	4.0	6.76476955358	9.49961466779
270.0	5.0	2.21030458129	0.988767550213
270.0	6.0	2.2608162076	0.149401034621
270.0	11.0	1.73633715441	2.69685573676
270.0	13.0	-0.018520929647	2.38516603834
270.0	17.0	0.0420930219251	1.88541241774
270.0	18.0	8.57645321724	7.06433007152
270.0	19.0	8.20203578722	6.02329602517
270.0	25.0	11.3766915008	1.17301291559
270.0	26.0	4.92488356524	5.71637952274
270.0	27.0	5.30477308811	6.39226407553
270.0	28.0	4.46754288202	5.96649499284
270.0	29.0	6.60271141917	8.79055640285
270.0	30.0	6.56651142032	8.42755484748
270.0	31.0	2.40835224944	12.0272606066
270.0	32.0	1.57491041533	12.3802384503
270.0	33.0	8.14457881229	9.62443374304
270.0	34.0	8.45501484899	9.47431672902
270.0	35.0	7.68892184995	9.41918631529
270.0	36.0	11.2809298759	9.85664972817
270.0	40.0	3.16644757432	3.73836710271
270.0	41.0	3.1923347828	3.07727945751
270.0	42.0	3.31566733704	4.7481367153
270.0	43.0	7.22253116702	3.17823255278
270.0	46.0	5.9757358576	10.0616584961
270.0	47.0	6.29816840554	10.2444719027
270.0	49.0	7.11182651936	10.7852750089
270.0	50.0	6.45117654024	10.9494729511
270.0	51.0	4.86805798564	10.2172646855
270.0	52.0	5.43757657229	12.0112704
270.0	53.0	4.93098705342	10.7602157299
270.0	54.0	4.89689170566	10.5327729408
270.0	55.0	9.75905666823	8.90201052931
270.0	56.0	7.61652185224	5.19777177796
270.0	60.0	7.98188928255	9.17670795878
270.0	61.0	7.37343465062	9.4117878615
270.0	63.0	1.00349764269	13.0709199107
270.0	64.0	1.38359763068	13.1678157894
270.0	65.0	2.51190108338	12.7434786655
270.0	66.0	3.17844408556	12.7258178403
270.0	67.0	7.10446024052	9.95402292645
270.0	68.0	5.03958704998	11.8917018403
270.0	69.0	4.50226962511	9.14950074161
270.0	70.0	4.07649870834	11.7630642083
270.0	71.0	9.57195318577	8.38173216594
270.0	72.0	10.1164264244	8.67122650299
270.0	73.0	10.7183566379	4.37320216995
270.0	74.0	12.8379507569	4.92808620428
270.0	75.0	11.9386333435	7.61563420886
270.0	76.0	12.8345833152	7.80131153303
270.0	77.0	13.3495914384	6.9161223359
270.0	78.0	14.3522472207	7.78436668725
270.0	79.0	15.214943705	6.63283315364
270.0	80.0	13.3211786486	8.45547804405
270.0	81.0	13.611830965	7.86384040056
270.0	82.0	8.90456832315	8.73805124691
270.0	83.0	10.4495926929	7.499884206
270.0	84.0	4.3227428866	0.540564446351
270.0	240.0	14.6037530267	3.57130524291
270.0	241.0	14.9731192941	4.37773670614
280.0	1.0	0.124174414679	0.972777343632
280.0	4.0	6.62712537189	9.63732137223
280.0	5.0	1.77506273458	0.918362909297
280.0	6.0	1.88429412648	0.0615742283261
280.0	11.0	1.36802321257	2.65699955021
280.0	18.0	8.89215088168	7.06433007152
280.0	19.0	8.52004856786	6.06577746952
280.0	25.0	11.3451217344	1.42360570529
280.0	26.0	4.71168240919	5.44430735106
280.0	27.0	5.19406844045	6.05312850013
280.0	28.0	4.23645219165	5.72783519312
280.0	29.0	6.80244280821	8.63160897624
280.0	30.0	6.77697652994	8.27314195707
280.0	31.0	2.1296964443	12.1561368984
280.0	32.0	1.2922557731	12.496227113
280.0	33.0	8.1426846263	9.61608065005
280.0	34.0	8.45901368607	9.46787291443
280.0	35.0	7.64598696759	9.23207703232
280.0	36.0	11.3335461533	9.85664972817
280.0	40.0	2.77750805173	3.62977689384
280.0	41.0	2.81896967832	2.99255522861
280.0	42.0	3.05384874067	4.6667537236
280.0	43.0	6.64943467351	2.92620780429
280.0	46.0	5.95026957933	10.127289941
280.0	47.0	6.2929067778	10.3101033476
280.0	49.0	7.27641023508	10.8010265556
280.0	50.0	6.69342188142	10.9790667662
280.0	51.0	4.86595333454	10.2492450987
280.0	52.0	5.35759983063	12.0733219479
280.0	53.0	4.75040798936	10.8623621242
280.0	54.0	4.67863938698	10.6213157264
280.0	55.0	9.6142566728	8.90201052931
280.0	56.0	7.39511255691	5.17271249899
280.0	60.0	7.98546718941	9.16811620599
280.0	61.0	7.42899743956	9.42515281028
280.0	63.0	0.870062763192	13.1582693974
280.0	64.0	1.24174414679	13.2456188841
280.0	65.0	2.37909759921	12.8367946472
280.0	66.0	3.10162432055	12.8945503187
280.0	67.0	7.09604163613	9.78218787065
280.0	68.0	4.99223240032	11.8847807061
280.0	69.0	4.62960101643	8.87313269355
280.0	70.0	4.15752777554	11.5888425545
280.0	71.0	9.34570319292	8.39963165091
280.0	72.0	9.83566596813	8.63160897624
280.0	73.0	10.4102357174	4.2510083525
280.0	74.0	12.4900519307	4.85004444978
280.0	75.0	11.6755519565	7.44857234906
280.0	76.0	12.6580030882	7.68961874677
280.0	77.0	13.1189216783	6.92781666608
280.0	78.0	14.1272600185	7.58699503289
280.0	79.0	14.9034553428	6.51827644977
280.0	80.0	13.0921926094	8.44163577566
280.0	81.0	13.440933296	7.89367287552
280.0	82.0	8.89130902124	8.7416311439
280.0	83.0	10.063810147	7.63902286923
280.0	84.0	4.51489753169	1.14246446123
280.0	240.0	14.5679739581	3.27823100886
280.0	241.0	14.8428413912	3.99134649041
290.0	4.0	6.50631839896	9.77407343746
290.0	5.0	1.3600255384	0.84127579399
290.0	6.0	1.50756158025	-0.0264912377682
290.0	11.0	0.984134852609	2.61571140486
290.0	18.0	9.20784854612	7.06433007152
290.0	19.0	8.8380613485	6.10802025407
290.0	25.0	11.2899798756	1.72527169213
290.0	26.0	4.49595567182	5.21161404634
290.0	27.0	5.08336379279	5.71399292474
290.0	28.0	3.94811499147	5.52974755936
290.0	29.0	7.03437535901	8.49079969441
290.0	30.0	7.00848815053	8.08460071529
290.0	31.0	1.85104063916	12.28525185
290.0	32.0	1.01317903774	12.6045786621
290.0	33.0	8.14057997521	9.60748889726
290.0	34.0	8.46322298826	9.46142909984
290.0	35.0	7.53191487817	9.03327341915
290.0	36.0	11.3861624307	9.85664972817
290.0	40.0	2.38835806403	3.52142534477
290.0	41.0	2.44539410874	2.90783099971
290.0	42.0	2.79203014429	4.58513207209
290.0	43.0	6.07654864511	2.67442171559
290.0	46.0	5.85408702423	10.1926827262
290.0	47.0	6.11316957418	10.3974528343
290.0	49.0	7.41868464919	10.8203579994
290.0	50.0	6.93103699019	11.0098538804
290.0	51.0	4.86363821834	10.2812255119
290.0	52.0	5.27762308897	12.1353734958
290.0	53.0	4.57003939041	10.9647471782
290.0	54.0	4.48543241634	10.6948229448
290.0	55.0	9.47997993286	8.91609145749
290.0	56.0	7.17349279648	5.14741456022
290.0	60.0	7.98925556139	9.159763113
290.0	61.0	7.4845602285	9.43875641887
290.0	63.0	0.736627883689	13.2456188841
290.0	64.0	1.11778019722	13.3394121854
290.0	65.0	2.23955923153	12.9310652681
290.0	66.0	3.10730687851	13.0802276429
290.0	67.0	6.99354512775	9.63684405263
290.0	68.0	5.03516728268	11.8788142111
290.0	69.0	4.84680100957	8.59867392388
290.0	70.0	4.24865916801	11.4255992515
290.0	71.0	9.11945320007	8.41753113589
290.0	72.0	9.58668574344	8.60368577967
290.0	73.0	10.102325262	4.12881453504
290.0	74.0	12.1421531045	4.77224135507
290.0	75.0	11.3703775475	7.36862131615
290.0	76.0	12.3873449572	7.59415482688
290.0	77.0	12.9787519153	6.9951187296
290.0	78.0	13.9022728163	7.38938471873
290.0	79.0	14.5919669806	6.40371974591
290.0	80.0	12.8632065701	8.42755484748
290.0	81.0	13.2698251619	7.92350535049
290.0	82.0	8.87826018444	8.7449723811
290.0	83.0	9.84576829339	7.78818524405
290.0	84.0	4.6639068293	1.72503303233
290.0	85.0	-0.180579064059	3.48562637481
290.0	90.0	15.0718274305	8.2414002037
290.0	240.0	14.6923588378	2.84434749298
290.0	241.0	14.7325576738	3.62762895564
290.0	399.0	3.55686035267	12.9114951645
300.0	4.0	6.53641490964	9.90175643031
300.0	5.0	0.965403457852	0.75774486409
300.0	11.0	0.537948820203	2.56797944492
300.0	18.0	9.51723225727	7.03974811215
300.0	19.0	9.10850901437	6.15670685321
300.0	25.0	11.1796961582	2.14555159942
300.0	26.0	4.28022893445	4.97892074162
300.0	27.0	4.88279054331	5.4151908555
300.0	28.0	3.63536383856	5.34932075078
300.0	29.0	7.28798581611	8.36216206236
300.0	30.0	7.24231488732	7.89224091672
300.0	31.0	1.57154297357	12.3988539147
300.0	32.0	0.742731371868	12.6955080458
300.0	33.0	8.13847532411	9.59913580427
300.0	34.0	8.46722182534	9.45474662545
300.0	35.0	7.41784278875	8.8311285688
300.0	36.0	11.4528798705	9.84018220199
300.0	40.0	1.99941854144	3.4128351359
300.0	41.0	2.06781970207	2.81737893562
300.0	42.0	2.53021154792	4.50374908039
300.0	43.0	5.50681959335	2.43432995708
300.0	46.0	5.65183005388	10.2568822123
300.0	47.0	5.93364283567	10.484802321
300.0	49.0	7.56074859819	10.8396894432
300.0	50.0	7.16865209896	11.0406409945
300.0	51.0	4.85606147439	10.3165471622
300.0	52.0	5.22942657887	12.1437265888
300.0	53.0	4.43155334828	11.0313332624
300.0	54.0	4.39261730299	10.7089038729
300.0	55.0	9.37032761075	8.96263011844
300.0	56.0	6.95208350115	5.12235528125
300.0	60.0	7.99304393336	9.15141002001
300.0	61.0	7.53864976168	9.44901879025
300.0	63.0	0.612243003901	13.3487199176
300.0	64.0	0.993605782542	13.4332054867
300.0	65.0	2.07223946937	13.028915786
300.0	66.0	3.1224603664	13.2678142455
300.0	67.0	6.82811955158	9.50892239998
300.0	68.0	5.07789169994	11.8730863759
300.0	69.0	5.15344867429	8.3258857728
300.0	70.0	4.43176381338	11.3633090438
300.0	71.0	8.87973344021	8.45500072445
300.0	72.0	9.35875202972	8.58387701629
300.0	73.0	9.77484155145	4.00685937739
300.0	74.0	11.8140379986	4.67653877539
300.0	75.0	11.0471031391	7.325901212
300.0	76.0	12.1166868263	7.498690907
300.0	77.0	12.8383716872	7.06242079312
300.0	78.0	13.6577123589	7.18867182717
300.0	79.0	14.2754274557	6.28582180485
300.0	80.0	12.6165414616	8.44664763146
300.0	81.0	13.0854577259	7.95357648525
300.0	82.0	8.86521134765	8.7483136183
300.0	83.0	9.7956775973	7.94737133046
300.0	84.0	4.74809287315	2.27872376766
300.0	85.0	0.428717428307	3.6615186472
300.0	86.0	15.0051099908	7.9139589585
300.0	90.0	14.8361065077	8.1650290678
300.0	240.0	14.8167437176	2.41046397711
300.0	241.0	14.627325119	3.26963925607
300.0	399.0	3.52044988871	12.9909688778
310.0	4.0	6.56651142032	10.029678083
310.0	5.0	0.570781377304	0.67421393419
310.0	11.0	0.0917627877967	2.52024748497
310.0	18.0	9.81188341074	6.95788780085
310.0	19.0	9.30760900808	6.21493984434
310.0	25.0	11.0643612781	2.53146449556
310.0	26.0	4.06450219709	4.7462274369
310.0	27.0	4.67232543369	5.12092332245
310.0	28.0	3.32240222055	5.16865528239
310.0	29.0	7.54159627321	8.23376309011
310.0	30.0	7.47614162412	7.70011977795
310.0	31.0	1.29078251733	12.4897832984
310.0	32.0	0.47207324089	12.7864374294
310.0	33.0	8.13658113812	9.59054405148
310.0	34.0	8.47143112754	9.44830281086
310.0	35.0	7.30313930401	8.59962856307
310.0	36.0	11.5762124247	9.75784457108
310.0	40.0	1.61426739083	3.37226296995
310.0	41.0	1.67382901685	2.70473151015
310.0	42.0	2.2542917892	4.46293825464
310.0	43.0	4.93246030918	2.18707840457
310.0	46.0	5.44936261842	10.3210816984
310.0	47.0	5.75390563205	10.5721518077
310.0	49.0	7.70302301229	10.859020887
310.0	50.0	7.3206079081	11.0618817167
310.0	51.0	4.79923589479	10.3809853081
310.0	52.0	5.18901727782	12.138714733
310.0	53.0	4.35536497859	11.0446982111
310.0	54.0	4.29959172454	10.7227461413
310.0	55.0	9.26046482352	9.00940743918
310.0	56.0	6.74309164729	5.10493311587
310.0	60.0	7.99662184022	9.14305692702
310.0	61.0	7.57969045805	9.42897136708
310.0	63.0	0.487858124112	13.451820951
310.0	64.0	0.869641832973	13.526998788
310.0	65.0	1.90491970722	13.1270049636
310.0	66.0	3.14561152846	13.4513436314
310.0	67.0	6.66269397542	9.38100074734
310.0	68.0	5.12061611719	11.867119881
310.0	69.0	5.46009633902	8.05309762173
310.0	70.0	4.61465799365	11.301018836
310.0	71.0	8.63096368063	8.50559660199
310.0	72.0	9.13060785088	8.56382959312
310.0	73.0	9.44756830598	3.88490421974
310.0	74.0	11.5153880081	4.55458361773
310.0	75.0	10.7240391959	7.28341976766
310.0	76.0	11.8462391604	7.40322698711
310.0	77.0	12.697991459	7.12972285664
310.0	78.0	13.3344379505	6.97578728582
310.0	79.0	13.9123751416	6.13761406923
310.0	80.0	12.3656670509	8.47433216823
310.0	81.0	12.8478426171	7.98436359941
310.0	82.0	8.85216251085	8.75189351529
310.0	83.0	9.74453457566	8.12469556164
310.0	84.0	4.832278917	2.832414503
310.0	85.0	1.03801392067	3.83741091959
310.0	86.0	14.594703027	7.77076307867
310.0	87.0	15.0911902206	6.70132851615
310.0	90.0	14.6003855849	8.08865793189
310.0	240.0	15.1061332434	2.05247427754
310.0	241.0	14.5572402375	2.9116495565
310.0	242.0	14.9468111554	8.491277014
310.0	399.0	3.48382895963	13.0706812509
320.0	4.0	6.59113583814	10.1688167462
320.0	5.0	0.176159296757	0.590683004291
320.0	18.0	10.1065345642	6.87602748954
320.0	19.0	9.50670900179	6.27293417567
320.0	25.0	10.9292426777	2.77871604806
320.0	26.0	3.85908825009	4.56603928812
320.0	27.0	4.46186032406	4.82641712961
320.0	28.0	3.00965106765	4.98798981401
320.0	29.0	7.79520673031	8.10536411787
320.0	30.0	7.72638463946	7.52876204176
320.0	31.0	1.0102325262	12.5807126821
320.0	32.0	0.201415109912	12.8773668131
320.0	33.0	8.13447648703	9.58219095849
320.0	34.0	8.47564042973	9.44162033646
320.0	35.0	7.18843581926	8.36836721715
320.0	36.0	11.6997554441	9.67550694018
320.0	40.0	1.22911624021	3.331690804
320.0	41.0	1.27962786652	2.59184542489
320.0	42.0	1.96406040303	4.46293825464
320.0	43.0	4.33852776982	1.90593716051
320.0	46.0	5.27972774007	10.3649951016
320.0	47.0	5.57416842843	10.6592626346
320.0	49.0	7.76553114985	10.8847961453
320.0	50.0	7.43594278818	11.0788265625
320.0	51.0	4.74219985008	10.4456621139
320.0	52.0	5.14881844188	12.1334642174
320.0	53.0	4.27938707402	11.0578245001
320.0	54.0	4.2067766112	10.7368270695
320.0	55.0	9.1506020363	9.05618475993
320.0	56.0	6.55325211841	5.09920528068
320.0	60.0	8.0004102122	9.13446517423
320.0	61.0	7.62052068932	9.4091626037
320.0	63.0	0.363473244323	13.5546833247
320.0	64.0	0.745677883403	13.6205534294
320.0	65.0	1.73759994507	13.2248554815
320.0	66.0	3.24284640911	13.5981194083
320.0	67.0	6.36783235683	9.19293682516
320.0	68.0	5.16334053444	11.8613920458
320.0	69.0	5.76674400374	7.78030947066
320.0	70.0	4.68242775895	11.2680837837
320.0	71.0	8.38219392106	8.55643113933
320.0	72.0	8.90267413716	8.54402082974
320.0	73.0	9.1200845954	3.76294906208
320.0	74.0	11.2167380175	4.43238980028
320.0	75.0	10.4032903688	7.40060172931
320.0	76.0	11.5212810311	7.33592492359
320.0	77.0	12.5548751845	7.19201306436
320.0	78.0	13.0111635422	6.76266408468
320.0	79.0	13.5495332926	5.98964499341
320.0	80.0	12.1141612449	8.50201670499
320.0	81.0	12.6102275083	8.01515071358
320.0	82.0	8.83911367405	8.75523475249
320.0	83.0	9.69191829826	8.32922701
320.0	84.0	4.84069752139	3.32500832961
320.0	85.0	1.6553080872	3.87344854935
320.0	86.0	14.1842960632	7.62756719884
320.0	87.0	14.8720960415	6.51230995478
320.0	88.0	15.0903483602	6.15742283261
320.0	90.0	14.3427762908	8.03949401315
320.0	240.0	15.3955227691	1.69448457797
320.0	241.0	14.5395611683	2.55365985693
320.0	242.0	14.8512599956	8.41896309469
320.0	399.0	3.44741849567	13.1501549642
330.0	4.0	6.60271141917	10.334685307
330.0	5.0	-0.218462783791	0.507152074391
330.0	18.0	10.4011857177	6.79440583804
330.0	19.0	9.70580899549	6.330928507
330.0	25.0	10.7939136123	3.02596760057
330.0	26.0	3.66356616325	4.43811763547
330.0	27.0	4.23624172654	4.5822681545
330.0	28.0	2.71499991417	4.84479393418
330.0	29.0	8.06081369866	7.95930432044
330.0	30.0	8.01514276987	7.40585224491
330.0	31.0	0.729682535072	12.6716420658
330.0	32.0	-0.0692430210668	12.9682961968
330.0	33.0	8.13237183593	9.57383786551
330.0	34.0	8.47963926681	9.43517652187
330.0	35.0	7.0735218694	8.13686721143
330.0	36.0	11.793622883	9.58720281429
330.0	40.0	0.843754624489	3.29135729785
330.0	41.0	0.885426716195	2.47895933962
330.0	42.0	1.67403948196	4.46293825464
330.0	43.0	3.74480569557	1.62455725665
330.0	46.0	5.11830100098	10.4038966489
330.0	47.0	5.43441959564	10.7089038729
330.0	49.0	7.82824975252	10.9105714037
330.0	50.0	7.55127766825	11.0960100681
330.0	51.0	4.68537427048	10.5101002598
330.0	52.0	5.10840914083	12.1284523616
330.0	53.0	4.20340916944	11.0711894489
330.0	54.0	4.13206149728	10.7984012978
330.0	55.0	9.04094971418	9.10272342087
330.0	56.0	6.36320212442	5.09323878568
330.0	60.0	8.00398811906	9.12611208124
330.0	61.0	7.6615613857	9.38935384033
330.0	63.0	0.239088364535	13.6577843582
330.0	64.0	0.621713933834	13.7143467307
330.0	65.0	1.56228250875	13.304090535
330.0	66.0	3.33987082465	13.7448951851
330.0	67.0	6.04034864625	8.98959867581
330.0	68.0	5.20627541681	11.8556642106
330.0	69.0	6.1245346901	7.50990791758
330.0	70.0	4.72115333912	11.2423085253
330.0	71.0	8.13005671972	8.62540382144
330.0	72.0	8.57792647301	8.67361310099
330.0	73.0	8.79281134994	3.64099390443
330.0	74.0	10.918298492	4.31019598282
330.0	75.0	10.083172937	7.53544451615
330.0	76.0	11.1731717398	7.28103316966
330.0	77.0	12.4001833289	7.23425584891
330.0	78.0	12.672946111	6.56648572932
330.0	79.0	13.177851909	5.84716509298
330.0	80.0	11.8603403227	8.52993990156
330.0	81.0	12.37345426	8.05118834333
330.0	82.0	8.82585437215	8.75881464948
330.0	83.0	9.63930202085	8.53375845835
330.0	84.0	4.84069752139	3.81091968182
330.0	85.0	2.2761801606	3.84958256938
330.0	86.0	13.7292704962	7.52565946436
330.0	87.0	14.6527913972	6.32353005321
330.0	88.0	14.9451274345	6.00110066379
330.0	89.0	15.0093192929	7.11397130986
330.0	90.0	14.0525449046	8.03137957996
330.0	151.0	7.74511603422	0.185438664377
330.0	241.0	14.5220925642	2.19567015736
330.0	242.0	14.7554983707	8.34664917538
330.0	399.0	3.4110080317	13.2296286775
340.0	4.0	6.61449746531	10.500315208
340.0	18.0	10.7126740799	6.76099346608
340.0	19.0	9.81777643381	6.36911407495
340.0	25.0	10.6038636183	3.15818512961
340.0	26.0	3.46825454152	4.31043464262
340.0	27.0	4.00893940815	4.34360835478
340.0	28.0	2.42034876069	4.70159805435
340.0	29.0	8.33147182964	7.80584606923
340.0	30.0	8.30369043517	7.28318110786
340.0	31.0	0.453552311243	12.7640034083
340.0	33.0	8.13047764994	9.56524611272
340.0	34.0	8.48384856901	9.42849404748
340.0	35.0	7.0667869859	7.89963937052
340.0	36.0	11.818668231	9.48505642001
340.0	40.0	0.458603473874	3.2507851319
340.0	41.0	0.491436030976	2.36631191416
340.0	42.0	1.3840185609	4.46293825464
340.0	43.0	3.19570222455	1.30499178483
340.0	46.0	4.95666379679	10.4427981963
340.0	47.0	5.29930099526	10.7544878947
340.0	49.0	7.89075789008	10.9363466621
340.0	50.0	7.66640208322	11.1129549139
340.0	51.0	4.62560217935	10.5936311897
340.0	52.0	5.06821030489	12.1234405058
340.0	53.0	4.16363126372	11.1203533676
340.0	54.0	4.06197661577	10.8719085161
340.0	55.0	8.91277646242	9.08458527609
340.0	56.0	6.17336259554	5.08751095049
340.0	60.0	8.00777649103	9.11775898825
340.0	61.0	7.68387068732	9.37407961314
340.0	64.0	0.497539519155	13.808140032
340.0	65.0	1.36760228235	13.339889505
340.0	66.0	3.43710570529	13.8919096217
340.0	67.0	5.70360447085	8.78411258825
340.0	68.0	5.24899983406	11.8496977156
340.0	69.0	6.48232537647	7.23926770471
340.0	70.0	4.7600893844	11.2165332669
340.0	71.0	7.87013230934	8.73781258711
340.0	72.0	8.25317880886	8.80320537223
340.0	73.0	8.46364391848	3.50686709699
340.0	74.0	10.6194380364	4.19182072217
340.0	75.0	9.84282178186	7.70083575735
340.0	76.0	10.8256938438	7.2464274987
340.0	77.0	12.2452810082	7.27625997366
340.0	78.0	12.3122089131	6.39608263232
340.0	79.0	12.7699705265	5.72783519312
340.0	80.0	11.6065194005	8.55810175792
340.0	81.0	12.1444682207	8.13543525263
340.0	82.0	8.81280553535	8.76215588668
340.0	83.0	9.57237411599	8.68936464777
340.0	84.0	4.83901380051	4.29587639484
340.0	85.0	2.92778014	3.78967895965
340.0	86.0	13.2694042317	7.42852492588
340.0	87.0	14.4318030321	6.1657759256
340.0	88.0	14.800116974	5.84477849498
340.0	89.0	14.6045948871	7.00371048239
340.0	90.0	13.7623135184	8.02302648697
340.0	151.0	8.3765113631	0.350591245779
340.0	241.0	14.6799413964	1.89734540772
340.0	242.0	14.6492134904	8.27385793647
340.0	243.0	15.0482553382	8.35309298997
340.0	399.0	3.37438710263	13.3093410506
350.0	4.0	6.62607304634	10.6661837688
350.0	18.0	11.0283717444	6.73999140371
350.0	19.0	9.89228108262	6.39894654992
350.0	25.0	10.3321531617	3.11856760286
350.0	26.0	3.42595105448	4.35243876737
350.0	27.0	3.81636383284	4.12881453504
350.0	28.0	2.12569760722	4.55840217453
350.0	29.0	8.6019194955	7.65238781801
350.0	30.0	8.59244856557	7.1605099708
350.0	31.0	0.195101156623	12.8616152664
350.0	33.0	8.12837299885	9.55689301973
350.0	34.0	8.48784740609	9.42205023289
350.0	35.0	7.08720210153	7.6609795708
350.0	36.0	11.8437135791	9.38267136593
350.0	40.0	0.0734523232593	3.21021296595
350.0	41.0	0.097234880647	2.25342582889
350.0	42.0	1.12493601095	4.4999305236
350.0	43.0	2.71394758862	0.928147961086
350.0	46.0	4.79523705771	10.4816997436
350.0	47.0	5.16397192977	10.7998332566
350.0	49.0	7.95326602764	10.9621219204
350.0	50.0	7.78173696329	11.1301384194
350.0	51.0	4.56098939069	10.7055626357
350.0	53.0	4.13290335772	11.1785863588
350.0	54.0	3.99189173427	10.9454157345
350.0	55.0	8.77702646671	9.03828527495
350.0	56.0	6.02140678639	5.08536301229
350.0	60.0	8.01156486301	9.10940589526
350.0	61.0	7.6878695244	9.36357858196
350.0	65.0	1.17292205594	13.3756884749
350.0	67.0	5.2826742516	8.56096567552
350.0	68.0	5.29172425131	11.8439698804
350.0	69.0	6.84011606283	6.96886615163
350.0	70.0	4.79902542968	11.1909966684
350.0	71.0	7.61020789895	8.84998269297
350.0	72.0	7.9284311447	8.93279764347
350.0	73.0	8.13300323126	3.36080729956
350.0	74.0	10.3195252552	4.10542587467
350.0	75.0	9.6557182994	7.88627442173
350.0	76.0	10.4826357151	7.39678317252
350.0	77.0	12.0905891527	7.31850275821
350.0	78.0	11.9514717152	6.22567953533
350.0	79.0	12.3622996092	5.60850529327
350.0	80.0	11.3526984783	8.58602495449
350.0	81.0	11.9154821814	8.21968216193
350.0	82.0	8.79975669855	8.76549712388
350.0	83.0	9.49576481608	8.81227444462
350.0	84.0	4.82196612663	4.77319599427
350.0	85.0	3.59221849109	3.71426246294
350.0	86.0	12.8019612232	7.3332996658
350.0	87.0	14.208920481	6.03952489155
350.0	88.0	14.6555274437	5.68248983118
350.0	89.0	14.1998704813	6.89368831472
350.0	90.0	13.4855518993	8.06383731272
350.0	151.0	9.00790669197	0.51598248698
350.0	241.0	14.8396844146	1.6663227216
350.0	242.0	14.4461146596	8.19700948096
350.0	243.0	14.900087901	8.27361927667
350.0	399.0	3.33797663866	13.3888147639
360.0	4.0	6.60734165158	10.7766832561
360.0	18.0	11.3440694088	6.71898934133
360.0	19.0	9.96678573143	6.42877902488
360.0	25.0	10.0602322401	3.0787114163
360.0	26.0	3.44931268165	4.46747279084
360.0	27.0	3.67619406983	3.94981968526
360.0	28.0	1.8520929647	4.44694804806
360.0	29.0	8.87257762648	7.4989295668
360.0	30.0	8.86184390589	7.0812749173
360.0	31.0	-0.0631395328877	12.9592271244
360.0	33.0	8.12626834775	9.54830126694
360.0	34.0	8.49205670828	9.4153677585
360.0	35.0	7.10761721716	7.42231977109
360.0	36.0	11.8687589271	9.28052497166
360.0	42.0	0.873851135165	4.54599186494
360.0	43.0	2.23198248758	0.551542797138
360.0	46.0	4.64433357411	10.5353981986
360.0	47.0	5.02864286428	10.8454172784
360.0	51.0	4.49658706715	10.8177327416
360.0	53.0	4.1019649866	11.2368193499
360.0	54.0	3.92159638765	11.018684293
360.0	55.0	8.641276471	8.9919852738
360.0	56.0	5.9582672535	5.09132950729
360.0	60.0	8.01514276987	9.10081414247
360.0	61.0	7.69186836148	9.35283889097
360.0	65.0	0.978241829539	13.4114874449
360.0	67.0	4.86174403235	8.33758010299
360.0	68.0	5.33444866857	11.8380033854
360.0	69.0	7.24252535243	6.71612542374
360.0	70.0	4.83775100985	11.16522141
360.0	71.0	7.35028348856	8.96239145864
360.0	72.0	7.63230673546	9.08959713189
360.0	73.0	7.80215207893	3.21450884234
360.0	74.0	10.0194020088	4.01903102717
360.0	75.0	9.46861481694	8.07195174591
360.0	76.0	10.1397880515	7.54690018654
360.0	77.0	12.0398670612	7.4165919359
360.0	78.0	11.5269635891	6.10825891387
360.0	79.0	11.9544182267	5.48917539341
360.0	80.0	11.1115054627	8.59175278968
360.0	81.0	11.6862856771	8.30392907123
360.0	82.0	8.78670786176	8.76907702087
360.0	83.0	9.41936598129	8.93518424147
360.0	84.0	4.80491845275	5.2505155937
360.0	85.0	4.24150335428	3.82643256881
360.0	86.0	12.3046321691	7.2466661585
360.0	87.0	13.9860379299	5.9130351977
360.0	88.0	14.5176727969	5.46865065063
360.0	89.0	13.7854646805	6.75789088869
360.0	90.0	13.2224705122	8.15333473761
360.0	151.0	9.64666829969	0.532211353361
360.0	241.0	15.0023739443	1.53601447096
360.0	242.0	14.2432262939	8.12039968525
360.0	243.0	14.752130929	8.19390690356
360.0	399.0	3.3015661747	13.4682884772
370.0	4.0	6.57535095492	10.8633167634
370.0	18.0	11.6677647474	6.71922800113
370.0	19.0	10.0412903802	6.45861149985
370.0	25.0	9.73990434325	2.97489440343
370.0	26.0	3.47267430882	4.5822681545
370.0	27.0	3.53581384171	3.77082483547
370.0	28.0	1.57848832219	4.33573258139
370.0	29.0	9.13355436242	7.4122960595
370.0	30.0	9.12639854869	7.01325687438
370.0	33.0	8.12437416176	9.53994817395
370.0	34.0	8.49626601047	9.4089239439
370.0	35.0	7.17875442422	7.18867182717
370.0	36.0	11.9083263677	9.17432136078
370.0	42.0	0.622555794272	4.59229186609
370.0	43.0	1.75022785165	0.17469897339
370.0	46.0	4.50395334599	10.6043708807
370.0	47.0	4.9154126353	10.8950585167
370.0	51.0	4.4321847436	10.9296641877
370.0	53.0	4.0712370806	11.295052341
370.0	54.0	3.85740452922	11.0909982123
370.0	55.0	8.46532763936	8.89938527151
370.0	56.0	5.89512772061	5.09729600228
370.0	60.0	8.01893114184	9.09246104948
370.0	61.0	7.69586719857	9.34233785978
370.0	65.0	0.785455789122	13.4558781676
370.0	67.0	4.4408138131	8.11443319026
370.0	68.0	5.37738355093	11.8322755502
370.0	69.0	7.64493464204	6.46338469584
370.0	70.0	4.87668705513	11.1394461516
370.0	71.0	7.15202535529	9.14926208181
370.0	72.0	7.36438465091	9.27408115706
370.0	73.0	7.47151139171	3.06844904492
370.0	74.0	9.71948922762	3.93287483948
370.0	75.0	9.16575552419	8.10584143747
370.0	76.0	9.81819736403	7.67291256079
370.0	77.0	12.0150321783	7.52900070156
370.0	78.0	11.0599415108	6.02615994276
370.0	79.0	11.5795798665	5.44430735106
370.0	80.0	10.8732589586	8.59175278968
370.0	81.0	11.4892903345	8.38316412473
370.0	82.0	8.77365902496	8.77241825807
370.0	83.0	9.30992412429	9.03231877996
370.0	84.0	4.78787077887	5.72783519312
370.0	85.0	4.90552077515	3.97511762403
370.0	86.0	11.80709265	7.1597939914
370.0	87.0	13.7656809602	5.78081766866
370.0	88.0	14.3798181501	5.25457281029
370.0	89.0	13.3645344612	6.60514861687
370.0	90.0	12.9602309856	8.2437868017
370.0	151.0	10.2871136283	0.511447950786
370.0	241.0	15.1650634741	1.40594488011
370.0	242.0	14.0079263013	8.06359865292
370.0	243.0	14.5669216325	8.15023216021
370.0	244.0	15.1625378928	7.76670586207
370.0	399.0	3.28325571016	13.5155431176
380.0	4.0	6.54357072337	10.9501889305
380.0	18.0	12.0032461322	6.75144707409
380.0	19.0	10.1160054942	6.48844397481
380.0	25.0	9.41978691151	2.87107739055
380.0	26.0	3.49666733132	4.57081248411
380.0	27.0	3.56170105019	3.77679133047
380.0	28.0	1.30488367968	4.22427845493
380.0	29.0	9.38506016842	7.39248729612
380.0	30.0	9.39095319149	6.94500017166
380.0	33.0	8.12226951067	9.53135642116
380.0	34.0	8.50026484756	9.40224146951
380.0	35.0	7.27156953756	6.95693316165
380.0	36.0	12.0798554321	9.03279609955
380.0	42.0	0.381362778641	4.59921300028
380.0	46.0	4.36357311787	10.6733435628
380.0	47.0	4.81186380137	10.9463703737
380.0	51.0	4.36778242006	11.0415956337
380.0	53.0	4.03903591882	11.3960054363
380.0	54.0	3.79384406611	11.1630734718
380.0	55.0	8.26264973879	8.77552083546
380.0	56.0	5.83198818772	5.10326249727
380.0	60.0	8.02271951382	9.08410795649
380.0	61.0	7.69986603565	9.3318368286
380.0	65.0	0.597931376446	13.5203163136
380.0	67.0	4.01988359385	7.78818524405
380.0	68.0	5.42010796819	11.826547715
380.0	69.0	8.04713346653	6.21088262774
380.0	70.0	4.94172077401	11.0929074907
380.0	71.0	6.96071257065	9.34472445778
380.0	72.0	7.16233814567	9.44901879025
380.0	73.0	7.14087070448	2.92238924749
380.0	74.0	9.41936598129	3.84647999198
380.0	75.0	8.85005785975	8.12302494305
380.0	76.0	9.5288078383	7.76240998568
380.0	77.0	11.9904077605	7.64140946723
380.0	78.0	10.5929194326	5.94406097166
380.0	79.0	11.2047415062	5.39967796852
380.0	80.0	10.6352229196	8.59175278968
380.0	81.0	11.305975224	8.46001258024
380.0	82.0	8.76039972305	8.77575949526
380.0	83.0	9.12366250227	9.06907238911
380.0	84.0	4.74241031519	6.1600480904
380.0	85.0	5.61268354349	4.09922071988
380.0	86.0	11.3129205726	7.30513780943
380.0	87.0	13.5684751524	5.59442436508
380.0	88.0	14.2213379225	5.05457589813
380.0	89.0	12.943604242	6.45264500485
380.0	90.0	12.7059891332	8.34306927838
380.0	151.0	10.8983043066	0.388776813733
380.0	242.0	13.6966484042	8.05309762173
380.0	243.0	14.2950007109	8.19008834677
380.0	244.0	14.876936739	7.74116926351
380.0	399.0	3.28325571016	13.530578685
390.0	4.0	6.51136956159	11.0003074884
390.0	18.0	12.338937982	6.78366614706
390.0	19.0	10.3281543247	6.47985222202
390.0	25.0	9.04200203973	2.70258357196
390.0	26.0	3.52087081893	4.55959547353
390.0	27.0	3.58779872379	3.78251916566
390.0	28.0	1.22511740313	4.14194082403
390.0	29.0	9.63635550931	7.37267853275
390.0	30.0	9.66034853181	6.89726821172
390.0	33.0	8.12016485957	9.52300332817
390.0	34.0	8.50447414975	9.39579765492
390.0	35.0	7.36438465091	6.72519449613
390.0	36.0	12.2513844964	8.89150949812
390.0	42.0	0.144589530313	4.58918928869
390.0	46.0	4.22340335486	10.7423162449
390.0	47.0	4.70831496743	10.9979208904
390.0	51.0	4.31979637506	11.1692786266
390.0	53.0	4.00599289661	11.5153353362
390.0	54.0	3.73049406811	11.2349100715
390.0	55.0	8.05997183822	8.65189505921
390.0	56.0	5.77516260812	5.10445579627
390.0	60.0	8.02629742068	9.0757548635
390.0	61.0	7.70386487273	9.32109713761
390.0	65.0	0.41019649866	13.5849931193
390.0	67.0	3.5989533746	7.46217595764
390.0	68.0	5.46283238544	11.82058122
390.0	69.0	8.43649391934	5.88391870214
390.0	70.0	5.06799983978	10.9974435708
390.0	71.0	6.769399786	9.53994817395
390.0	72.0	7.11372070534	9.60199972187
390.0	73.0	6.77866025082	2.7464969751
390.0	74.0	9.09419738692	3.73478720572
390.0	75.0	8.53309740466	8.13925380943
390.0	76.0	9.23941831256	7.85190741057
390.0	77.0	11.9211647394	7.78579864605
390.0	78.0	10.1416822375	5.9139898369
390.0	79.0	10.8296926809	5.35480992617
390.0	80.0	10.3969764155	8.59175278968
390.0	81.0	11.1226601135	8.53709969555
390.0	82.0	8.74735088626	8.77933939226
390.0	83.0	8.93740088025	9.10582599827
390.0	84.0	4.65485682959	6.52472026437
390.0	85.0	6.31984631184	4.22332381573
390.0	86.0	10.8187484952	7.45024296765
390.0	87.0	13.3710588796	5.40779240171
390.0	88.0	13.9809867673	4.90947073991
390.0	89.0	12.5226740227	6.30228933103
390.0	90.0	12.4517472808	8.44259041486
390.0	151.0	11.4802403347	0.164197942203
390.0	242.0	13.3855809722	8.04283525034
390.0	243.0	14.0230797892	8.22970587352
390.0	244.0	14.5913355852	7.71563266494
390.0	399.0	3.28325571016	13.5453755925
400.0	4.0	6.47916839982	10.9957729522
400.0	18.0	12.6746298319	6.81588522002
400.0	19.0	10.5556671082	6.46696459284
400.0	25.0	8.63959275013	2.50592789699
400.0	26.0	3.54486384142	4.54813980314
400.0	27.0	3.61368593227	3.78848566065
400.0	28.0	1.14514066147	4.05960319313
400.0	29.0	9.88786131532	7.35263110957
400.0	30.0	9.94089852294	6.89726821172
400.0	33.0	8.11827067359	9.51441157538
400.0	34.0	8.50847298683	9.38935384033
400.0	35.0	7.47487883346	6.48247747982
400.0	36.0	12.448379839	8.77575949526
400.0	42.0	-0.092183718016	4.5791655771
400.0	46.0	4.08302312674	10.811288927
400.0	47.0	4.60455566839	11.0492327473
400.0	51.0	4.28822660862	11.3124745064
400.0	53.0	3.97316033951	11.634665236
400.0	54.0	3.66693360501	11.306985331
400.0	55.0	7.77016138226	8.73041413332
400.0	56.0	5.7330695862	5.09490940428
400.0	60.0	8.03008579265	9.06740177051
400.0	61.0	7.70786370982	9.31059610642
400.0	65.0	0.222461620874	13.6494312652
400.0	67.0	3.17802315535	7.13592801143
400.0	68.0	5.50555680269	11.8148533848
400.0	69.0	8.81680437243	5.50755219799
400.0	70.0	5.19427890556	10.9019796509
400.0	71.0	6.68773932346	9.74973013789
400.0	72.0	7.06510326502	9.75498065349
400.0	73.0	6.3956137513	2.55079593934
400.0	74.0	8.73093460771	3.5851475113
400.0	75.0	8.20582415919	8.14808422202
400.0	76.0	8.94960785661	7.93209710328
400.0	77.0	11.7854147437	7.97815844462
400.0	78.0	9.71359620455	5.96172179684
400.0	79.0	10.4965264124	5.30779394563
400.0	80.0	10.1865113059	8.47242288983
400.0	81.0	10.9073543063	8.56192031472
400.0	82.0	8.73430204946	8.78268062945
400.0	83.0	8.74061600275	9.07312960571
400.0	84.0	4.56709287887	6.88939243833
400.0	85.0	7.00154280191	4.31974237481
400.0	86.0	10.3157368832	7.59272286808
400.0	87.0	13.1738530719	5.22139909813
400.0	88.0	13.740425147	4.76460424148
400.0	89.0	12.1017438035	6.15217231701
400.0	90.0	12.2751670538	8.55929505692
400.0	152.0	15.0141599905	1.01525878798
400.0	242.0	13.0648321451	8.12230896365
400.0	243.0	13.7701007275	8.2421161831
400.0	244.0	14.3055239664	7.68985740657
400.0	399.0	3.28325571016	13.5604111599
410.0	4.0	6.44675677294	10.991238416
410.0	18.0	12.9678077296	6.90705326351
410.0	19.0	10.7831798917	6.45407696365
410.0	25.0	8.23718346052	2.30927222203
410.0	26.0	3.56885686392	4.53692279255
410.0	27.0	3.63978360586	3.79445215564
410.0	28.0	1.08410577968	3.98895989241
410.0	29.0	10.1437868886	7.35072183117
410.0	30.0	10.2216589792	6.89726821172
410.0	33.0	8.11616602249	9.50605848239
410.0	34.0	8.51268228902	9.38267136593
410.0	35.0	7.62599278217	6.21398520514
410.0	36.0	12.6836798316	8.69843372016
410.0	46.0	4.01125452435	10.9217884143
410.0	47.0	4.50100683445	11.1005446043
410.0	51.0	4.25665684218	11.4556703862
410.0	53.0	3.93822313131	11.7570977133
410.0	54.0	3.6033731419	11.3790605905
410.0	55.0	7.47066953127	8.8313672286
410.0	56.0	5.69097656427	5.08536301229
410.0	60.0	8.03366369952	9.05881001772
410.0	61.0	7.7118625469	9.30009507523
410.0	67.0	2.70447665869	6.83760326179
410.0	68.0	5.58721726523	11.8518456538
410.0	69.0	9.19732529064	5.13118569384
410.0	70.0	5.30098471614	10.8186873808
410.0	71.0	6.67932071908	9.96929715363
410.0	72.0	7.0164858247	9.9079615851
410.0	73.0	6.01256725178	2.35509490357
410.0	74.0	8.3678822936	3.43526915708
410.0	75.0	7.87834044861	8.15691463461
410.0	76.0	8.65811367977	7.97481720742
410.0	77.0	11.649664748	8.17051824319
410.0	78.0	9.28572063668	6.00945375678
410.0	79.0	10.1738833993	5.26006198568
410.0	80.0	9.97604619625	8.35309298997
410.0	81.0	10.670581058	8.55189660313
410.0	82.0	8.58760786805	8.73208475192
410.0	83.0	8.53941135795	9.01107805778
410.0	84.0	4.47932892816	7.25382595249
410.0	85.0	7.67671487359	4.40923979971
410.0	86.0	9.8087264341	7.73377080971
410.0	87.0	12.9598100554	5.07056610471
410.0	88.0	13.5034414336	4.61400990786
410.0	89.0	11.6808135842	6.01422695278
410.0	90.0	12.1320507793	8.68339815277
410.0	91.0	0.319486036412	3.39111709413
410.0	152.0	14.8826192969	1.38327219914
410.0	242.0	12.744083318	8.20202133675
410.0	243.0	13.5192263168	8.25118525549
410.0	244.0	13.9698321165	7.71778060313
410.0	245.0	14.869359995	7.08819605149
410.0	246.0	14.9219762724	6.75884552788
410.0	399.0	3.28325571016	13.5752080675
420.0	4.0	6.41434514606	10.9867038798
420.0	18.0	13.243096093	7.02328058597
420.0	19.0	11.0197426749	6.44381459226
420.0	25.0	7.83919393822	2.11595778426
420.0	26.0	3.59284988642	4.52546712217
420.0	27.0	3.66567081435	3.80017999084
420.0	28.0	1.19249531114	4.02308824377
420.0	29.0	10.4003438573	7.35072183117
420.0	30.0	10.5022089703	6.89726821172
420.0	33.0	8.11406137139	9.4974667296
420.0	34.0	8.51689159122	9.37622755134
420.0	35.0	7.77731719599	5.94549293046
420.0	36.0	12.918769359	8.62134660485
420.0	46.0	3.93927545686	11.0325265614
420.0	47.0	4.39745800052	11.152095121
420.0	51.0	4.22508707573	11.5988662661
420.0	53.0	3.90139173713	11.8823941081
420.0	54.0	3.54128593456	11.5022090472
420.0	55.0	7.21495442307	8.95427702545
420.0	56.0	5.64888354235	5.07581662031
420.0	60.0	8.03745207149	9.05045692473
420.0	61.0	7.71586138398	9.28935538425
420.0	67.0	2.23093016203	6.53927851215
420.0	68.0	5.6783486577	11.8995776137
420.0	69.0	9.57616248796	4.69467692016
420.0	70.0	5.36244052815	10.7640342867
420.0	71.0	6.68226723061	10.1867162312
420.0	72.0	7.02553582441	10.0707275685
420.0	73.0	5.62952075226	2.15939386781
420.0	74.0	8.00461951439	3.28562946266
420.0	75.0	7.57674394652	8.20393061515
420.0	76.0	8.36682996805	8.01777597137
420.0	77.0	11.4827659161	8.3251697934
420.0	78.0	8.84690088311	6.05050324234
420.0	79.0	9.85124038624	5.21233002574
420.0	80.0	9.81461945717	8.35309298997
420.0	81.0	10.4485403674	8.50941515878
420.0	82.0	8.44091368664	8.68148887438
420.0	83.0	8.33778578292	8.94306001486
420.0	84.0	4.37535916401	7.62613524004
420.0	85.0	8.29379857501	4.50183980199
420.0	86.0	9.26467412572	7.79462905864
420.0	87.0	12.7438728529	4.92379032789
420.0	88.0	13.271929813	4.45506248125
420.0	89.0	11.259883365	5.89489705292
420.0	90.0	12.0005100857	8.80797856822
420.0	91.0	0.855330205518	3.57560111931
420.0	152.0	14.7510786034	1.7510469505
420.0	242.0	12.4911042563	8.2456960801
420.0	243.0	13.2740344641	8.26240226608
420.0	244.0	13.6215123601	7.75883008868
420.0	245.0	14.4747379145	6.9092012017
420.0	246.0	14.627325119	6.62519604005
420.0	399.0	3.28325571016	13.5902436349
430.0	4.0	6.38193351917	10.9819306838
430.0	18.0	13.5183844564	7.13950790843
430.0	19.0	11.2916635965	6.44381459226
430.0	25.0	7.45109627607	1.92932582088
430.0	26.0	3.61705337402	4.51401145178
430.0	27.0	3.69176848794	3.80614648583
430.0	28.0	1.30067437749	4.05721659513
430.0	29.0	10.6566903608	7.35072183117
430.0	30.0	10.7827589614	6.89726821172
430.0	33.0	8.11216718541	9.48911363661
430.0	34.0	8.5208904283	9.36954507695
430.0	35.0	7.92969393536	5.67652333618
430.0	36.0	13.1540693516	8.54402082974
430.0	46.0	3.86750685448	11.1430260486
430.0	47.0	4.28296498088	11.2210678031
430.0	51.0	4.1543707989	11.7119910111
430.0	53.0	3.86456034294	12.007690503
430.0	54.0	3.48046151788	11.6592471954
430.0	55.0	7.06110442794	9.12873733904
430.0	56.0	5.60679052042	5.06627022832
430.0	60.0	8.04124044346	9.04210383174
430.0	61.0	7.71986022106	9.27885435306
430.0	67.0	1.75738366537	6.24095376251
430.0	68.0	5.76948005016	11.9473095737
430.0	69.0	9.95499968529	4.25840680629
430.0	70.0	5.42389634016	10.7093811925
430.0	71.0	6.78749978542	10.3857585041
430.0	72.0	7.12045558885	10.2478131399
430.0	73.0	5.24647425275	1.96369283204
430.0	74.0	7.64156720028	3.13575110844
430.0	75.0	7.31366255949	8.30846360742
430.0	76.0	8.07533579122	8.06049607552
430.0	77.0	11.2432566213	8.39103989813
430.0	78.0	8.39208578121	6.0812903565
430.0	79.0	9.47787528177	5.26006198568
430.0	80.0	9.65340318319	8.35309298997
430.0	81.0	10.2860613027	8.33567082459
430.0	82.0	8.29421950523	8.63089299684
430.0	83.0	8.13573927768	8.86668887895
430.0	84.0	4.26739056277	8.00035380599
430.0	85.0	8.82396018616	4.59897434048
430.0	86.0	8.68379042315	7.77553627466
430.0	87.0	12.5281461156	4.77677589126
430.0	88.0	13.0404181924	4.29587639484
430.0	89.0	10.8389531457	5.77556715307
430.0	90.0	11.9150612512	8.93494558167
430.0	91.0	1.3600255384	3.78729236165
430.0	152.0	14.7243495345	2.10855933047
430.0	242.0	12.2454914733	8.28555226665
430.0	243.0	13.0425228435	8.27839247266
430.0	244.0	13.2731926036	7.80011823403
430.0	245.0	14.0801158339	6.73020635192
430.0	246.0	14.3326739655	6.49154655221
430.0	397.0	8.22013578664	10.6353966546
430.0	399.0	3.28325571016	13.6050405425
440.0	4.0	6.29985212642	10.9847946014
440.0	18.0	13.7934623546	7.25597389069
440.0	19.0	11.5637949833	6.44381459226
440.0	25.0	7.06299861392	1.74293251731
440.0	26.0	3.64104639652	4.50279444119
440.0	27.0	3.71765569643	3.81211298082
440.0	28.0	1.40885344383	4.09134494649
440.0	29.0	10.9290322126	7.37578111014
440.0	30.0	11.0839345333	6.9146903771
440.0	33.0	8.11006253431	9.48052188382
440.0	34.0	8.52509973049	9.36310126236
440.0	35.0	8.09154160466	5.40110992732
440.0	36.0	13.4847100388	8.43328268267
440.0	46.0	3.79552778699	11.2537641957
440.0	47.0	4.12511614866	11.3602064664
440.0	51.0	4.04450801167	11.7950446214
440.0	53.0	3.82772894876	12.1329868978
440.0	54.0	3.41942663609	11.8162853436
440.0	55.0	6.9072544328	9.30319765263
440.0	56.0	5.53523238315	5.0786805379
440.0	60.0	8.04481835033	9.03375073875
440.0	61.0	7.72385905815	9.26835332187
440.0	67.0	1.20806972925	5.92043365149
440.0	68.0	5.81515097895	12.0599569991
440.0	69.0	10.3338368826	3.82189803261
440.0	70.0	5.48514168706	10.6547280984
440.0	71.0	6.89273234024	10.5845621173
440.0	72.0	7.2155858184	10.4248987113
440.0	73.0	4.80744403407	1.79877891044
440.0	74.0	7.27409511888	2.96391605264
440.0	75.0	7.05058117246	8.4127579399
440.0	76.0	7.76679394051	8.10488679827
440.0	77.0	11.0037473266	8.45667134305
440.0	78.0	7.93727067931	6.11207747066
440.0	79.0	9.09209273582	5.3316599256
440.0	80.0	9.49197644411	8.35309298997
440.0	81.0	10.123371773	8.1621651502
440.0	82.0	8.09785555795	8.59843526408
440.0	83.0	7.93369277244	8.79031774305
440.0	84.0	4.15921149642	8.37433371215
440.0	85.0	9.3539113322	4.69634753876
440.0	86.0	8.10290672058	7.75644349069
440.0	87.0	12.3122089131	4.63000011444
440.0	88.0	12.8049077347	4.15554443261
440.0	89.0	10.4049740897	5.66864756279
440.0	90.0	11.8294019516	9.06167393532
440.0	91.0	1.74033599149	4.10852845207
440.0	92.0	-0.0105232554813	2.13290263004
440.0	152.0	14.742659999	2.46129851444
440.0	242.0	11.9965112487	8.35786618597
440.0	243.0	12.8110112229	8.29414401944
440.0	244.0	13.003165868	7.826370812
440.0	245.0	13.7719949135	6.5767481007
440.0	246.0	13.9988763016	6.30228933103
440.0	247.0	15.1113948711	6.60777387467
440.0	397.0	8.280328808	10.471676032
440.0	399.0	3.28325571016	13.6200761098
450.0	4.0	6.01930213529	11.0165363548
450.0	18.0	13.966885605	7.330674408
450.0	19.0	11.83592637	6.44381459226
450.0	25.0	6.6799521144	1.56513096652
450.0	26.0	3.66503941902	4.49133877081
450.0	27.0	3.74375337002	3.81807947582
450.0	28.0	1.58543367081	4.0770253585
450.0	29.0	11.2078984829	7.4115800801
450.0	30.0	11.3899508027	6.93640841887
450.0	33.0	8.10795788321	9.47216879083
450.0	34.0	8.52909856757	9.35641878797
450.0	35.0	8.25338927397	5.12569651845
450.0	36.0	13.8155611911	8.32230587581
450.0	46.0	3.69787197612	11.3301353316
450.0	47.0	3.96726731644	11.4993451296
450.0	51.0	3.93485568956	11.8780982317
450.0	53.0	3.77027197383	12.2432477253
450.0	54.0	3.3586022194	11.973084832
450.0	55.0	6.86116257379	9.48219250242
450.0	56.0	5.39485215503	5.14240270443
450.0	60.0	8.0486067223	9.02515898596
450.0	61.0	7.72785789523	9.25785229068
450.0	67.0	0.639813933262	5.59418570528
450.0	68.0	5.84924632671	12.1890719508
450.0	69.0	10.6966787316	3.35460214477
450.0	70.0	5.54659749907	10.6000750043
450.0	71.0	6.97334047722	10.7499533585
450.0	72.0	7.29682535072	10.5964951073
450.0	73.0	4.33116149098	1.65438973161
450.0	74.0	6.89715210754	2.74005316051
450.0	75.0	6.80244280821	8.53423577795
450.0	76.0	7.41805325386	8.15261875821
450.0	77.0	10.7617124505	8.44449969326
450.0	78.0	7.48813813537	6.12114654305
450.0	79.0	8.70631018988	5.40325786551
450.0	80.0	9.30318924078	8.33662546379
450.0	81.0	9.92090433753	8.02445844577
450.0	82.0	7.88002416949	8.57361464491
450.0	83.0	7.61589045691	8.92587650928
450.0	84.0	4.05692545314	8.73972186551
450.0	85.0	9.90974968672	4.81543877882
450.0	86.0	7.50518580925	7.81372184262
450.0	87.0	12.1307879886	4.55601557653
450.0	88.0	12.563504254	4.04313566695
450.0	89.0	9.96215549901	5.56984240571
450.0	90.0	11.7439531171	9.18840228897
450.0	91.0	2.1208569097	4.43000320228
450.0	92.0	0.226249992847	2.34936706838
450.0	152.0	14.7601286031	2.82716398741
450.0	242.0	11.7439531171	8.46287649784
450.0	243.0	12.5902333229	8.33614814419
450.0	244.0	12.7417682018	7.85119143117
450.0	245.0	13.4636635279	6.42328984949
450.0	246.0	13.6650786378	6.11303210986
450.0	247.0	14.9009297615	6.61564964806
450.0	248.0	15.1324413821	6.63545841143
450.0	348.0	2.99912781216	13.5532513659
450.0	397.0	8.34052182935	10.3079554094
450.0	398.0	7.79731138141	12.0544678237
450.0	399.0	3.28746501235	13.61983745
460.0	4.0	5.73875214416	11.0482781081
460.0	18.0	14.114842577	7.39511255392
460.0	19.0	12.1032170592	6.45145170585
460.0	25.0	6.34047189258	1.46513251044
460.0	26.0	3.68924290663	4.47988310042
460.0	27.0	3.73638709118	3.829773806
460.0	28.0	1.80768482657	4.03072535736
460.0	29.0	11.4867647531	7.44737905006
460.0	30.0	11.6961775372	6.95812646065
460.0	33.0	8.10606369723	9.46357703804
460.0	34.0	8.53330786977	9.34997497337
460.0	35.0	8.41544740838	4.85028310958
460.0	36.0	14.1333635067	8.22994453332
460.0	46.0	3.59705918861	11.4026879107
460.0	47.0	3.80941848422	11.6387224526
460.0	51.0	3.82499290233	11.9609131822
460.0	53.0	3.69218941816	12.3387116452
460.0	54.0	3.25715803656	12.1169966913
460.0	55.0	6.86116257379	9.6633352904
460.0	56.0	5.25468239202	5.20588621115
460.0	60.0	8.05218462916	9.01680589297
460.0	61.0	7.73185673231	9.2471125997
460.0	67.0	0.0715581372727	5.26793775907
460.0	68.0	5.88334167447	12.3181869024
460.0	69.0	11.0433147672	2.85628048297
460.0	70.0	5.5996347067	10.489575517
460.0	71.0	7.04363582384	10.9012636715
460.0	72.0	7.34586372126	10.7556811937
460.0	73.0	3.8548789479	1.50976189299
460.0	74.0	6.51999863109	2.51642892818
460.0	75.0	6.61365560487	8.72349299913
460.0	76.0	7.06931256721	8.20035071815
460.0	77.0	10.5163101327	8.31538474162
460.0	78.0	7.05268582355	6.0800970575
460.0	79.0	8.28138113355	5.42378260829
460.0	80.0	9.11461250255	8.32015793761
460.0	81.0	9.71864736718	7.88675174133
460.0	82.0	7.66240324614	8.54903268554
460.0	83.0	7.28503930458	9.08506259569
460.0	84.0	4.00557196639	9.02492032616
460.0	85.0	10.4763217618	4.94383775106
460.0	86.0	6.90746489791	7.87100019455
460.0	87.0	11.9493670641	4.48179237882
460.0	88.0	12.3221007732	3.93096556108
460.0	89.0	9.51954737347	5.47103724863
460.0	90.0	11.661240329	9.39293373732
460.0	91.0	2.46686154992	4.73238516852
460.0	92.0	0.463023241176	2.56559284692
460.0	152.0	14.7763344166	3.21283822374
460.0	242.0	11.4913949856	8.56788680971
460.0	243.0	12.3949217012	8.43829453847
460.0	244.0	12.4805810008	7.87577339054
460.0	245.0	13.1422833055	6.28415118625
460.0	246.0	13.3232832997	5.93236664148
460.0	247.0	14.6904646519	6.62352542145
460.0	248.0	14.9219762724	6.69321408296
460.0	348.0	3.10436036698	13.3573116704
460.0	397.0	8.40050438559	10.1444734466
460.0	398.0	7.73354045319	12.0110317402
460.0	399.0	3.29609408185	13.6045632229
470.0	4.0	5.44725796733	11.0919528515
470.0	18.0	14.2627995491	7.45978935964
470.0	19.0	12.3294670521	6.52901614076
470.0	25.0	6.00099167075	1.36489539456
470.0	26.0	3.71323592912	4.46866608983
470.0	27.0	3.72565337059	3.84194545579
470.0	28.0	2.02972551723	3.98418669642
470.0	29.0	11.7656310234	7.48317802002
470.0	30.0	12.0021938066	6.97960584262
470.0	33.0	8.10395904613	9.45522394505
470.0	34.0	8.53751717196	9.34329249898
470.0	35.0	8.59686833287	4.55840217453
470.0	36.0	14.3991809401	8.21109040914
470.0	46.0	3.49645686621	11.4754791496
470.0	47.0	3.651569652	11.7778611159
470.0	51.0	3.71513011511	12.0439667925
470.0	53.0	3.61389639738	12.4341755651
470.0	54.0	3.14582199357	12.2573286535
470.0	55.0	6.86116257379	9.84423941858
470.0	56.0	5.1515544883	5.25600476909
470.0	60.0	8.05597300114	9.00845279998
470.0	61.0	7.7358555694	9.23661156851
470.0	68.0	5.91638469668	12.4434832973
470.0	69.0	11.3899508027	2.35772016137
470.0	70.0	5.64425330994	10.3232296366
470.0	71.0	7.11372070534	11.0523353247
470.0	72.0	7.39511255691	10.9146286203
470.0	73.0	3.37859640482	1.36537271416
470.0	74.0	6.14284515464	2.29256603605
470.0	75.0	6.42507886665	8.9127502203
470.0	76.0	6.72036141545	8.2480826781
470.0	77.0	10.2706973497	8.18603113017
470.0	78.0	6.61723351174	6.03880891215
470.0	79.0	7.84698114728	5.43141972188
470.0	80.0	8.92498343878	8.30607700943
470.0	81.0	9.49555435097	7.80417545063
470.0	82.0	7.49866139085	8.59318474848
470.0	83.0	7.12866372813	9.27360383747
470.0	84.0	3.95421847964	9.31011878682
470.0	85.0	11.0540484878	5.06746352732
470.0	86.0	6.3322637533	8.01896927037
470.0	87.0	11.7582647446	4.40947845951
470.0	88.0	12.0806972925	3.81855679542
470.0	89.0	9.03800320265	5.33571714219
470.0	90.0	11.5785275409	9.59746518568
470.0	91.0	2.79013595831	5.02211816537
470.0	92.0	0.699796489505	2.78181862546
470.0	152.0	14.79254023	3.59827380028
470.0	242.0	11.1948496461	8.62206258425
470.0	243.0	12.1993996143	8.54067959255
470.0	244.0	12.2623286821	7.85811256537
470.0	245.0	12.7674449452	6.20205221515
470.0	246.0	12.9116135453	5.8285496286
470.0	247.0	14.4799995422	6.63163985464
470.0	248.0	14.7115111628	6.75073109469
470.0	249.0	15.0303658039	6.27866201086
470.0	348.0	3.20959292179	13.161133315
470.0	397.0	8.53646484641	10.018938392
470.0	398.0	7.66976952497	11.9675956566
470.0	399.0	3.30472315134	13.5892889957
480.0	4.0	5.11303937324	11.1833595548
480.0	18.0	14.3972867542	7.51826101057
480.0	19.0	12.5557170449	6.60658057567
480.0	25.0	5.66151144893	1.26489693848
480.0	26.0	3.71828709175	4.46222227524
480.0	27.0	3.71470918489	3.85435576537
480.0	28.0	2.25197667299	3.93788669527
480.0	29.0	12.0175577596	7.52184090757
480.0	30.0	12.2873740302	7.02089398797
480.0	33.0	8.15931136996	9.36572652015
480.0	34.0	8.54151600904	9.33684868439
480.0	35.0	8.85679274326	4.20041247496
480.0	36.0	14.6649983736	8.19223628496
480.0	46.0	3.39585454381	11.5480317287
480.0	47.0	3.46636035553	11.8876446237
480.0	51.0	3.5202394236	12.1136554541
480.0	53.0	3.53581384171	12.529639485
480.0	54.0	3.03448595058	12.3976606157
480.0	55.0	6.9137788512	10.011778598
480.0	56.0	5.13576960508	5.27390425407
480.0	60.0	8.05976137311	9.00009970699
480.0	61.0	7.73985440648	9.22611053732
480.0	68.0	5.93848353319	12.5377539181
480.0	69.0	11.7349031174	1.84794282918
480.0	70.0	5.68887191318	10.1568837562
480.0	71.0	7.15707651793	11.1838368744
480.0	72.0	7.42815557912	11.0504260463
480.0	73.0	2.93851386059	1.26823817568
480.0	74.0	5.7659021433	2.06894180372
480.0	75.0	6.27122887151	9.09699558568
480.0	76.0	6.44170561031	8.4089393831
480.0	77.0	10.042763636	7.9970125688
480.0	78.0	6.20388003643	6.00181664319
480.0	79.0	7.4123706959	5.43905683547
480.0	80.0	8.72693577062	8.31299814362
480.0	81.0	9.24152296366	7.80417545063
480.0	82.0	7.34817883747	8.65452031701
480.0	83.0	7.01606489448	9.46978219283
480.0	84.0	3.9028649929	9.59531724748
480.0	85.0	11.732167071	5.14717590042
480.0	86.0	5.77979284054	8.25762907009
480.0	87.0	11.4796089394	4.35339340657
480.0	88.0	11.8757042757	3.74314029871
480.0	89.0	8.54004275328	5.18440682918
480.0	90.0	11.5124414965	9.79292756164
480.0	91.0	3.11341036669	5.31185116222
480.0	92.0	0.931097644983	3.0013856412
480.0	152.0	14.8670448788	3.88943875593
480.0	242.0	10.8983043066	8.67647701858
480.0	243.0	12.0301856662	8.68721670957
480.0	244.0	12.0440763634	7.84045174019
480.0	245.0	12.3923961199	6.12019190385
480.0	246.0	12.4997333258	5.72473261573
480.0	247.0	14.3284646633	6.64428882402
480.0	248.0	14.5010460532	6.80848676623
480.0	249.0	14.8523123212	6.29703881544
480.0	250.0	14.8969309244	5.88606664033
480.0	348.0	3.3628115216	13.0298704252
480.0	350.0	8.89678111409	10.3365945854
480.0	397.0	8.70483693411	9.9098708635
480.0	398.0	7.58263696959	11.9098399851
480.0	399.0	3.31314175573	13.5740147685
490.0	4.0	4.77882077916	11.2745275983
490.0	18.0	14.4126507072	7.52184090757
490.0	19.0	12.7819670378	6.68438367037
490.0	25.0	5.28519983292	1.09855105808
490.0	26.0	3.70418592941	4.46055165664
490.0	27.0	3.70376499919	3.86676607496
490.0	28.0	2.54347084982	3.88275628154
490.0	29.0	12.2581193799	7.56145843432
490.0	30.0	12.5407740221	7.09153728869
490.0	33.0	8.27212066872	9.19532342316
490.0	34.0	8.56487763621	9.30152703403
490.0	35.0	9.11692761876	3.84242277539
490.0	36.0	14.9308158071	8.17338216079
490.0	46.0	3.26494524562	11.6186750294
490.0	47.0	3.24011036269	11.9532760686
490.0	51.0	3.31566733704	12.1819121568
490.0	53.0	3.41079756659	12.641570931
490.0	54.0	2.93030572132	12.528446186
490.0	55.0	6.9794439654	10.1759765402
490.0	56.0	5.11998472186	5.29180373905
490.0	60.0	8.11616602249	8.88267908553
490.0	61.0	7.74385324356	9.21537084634
490.0	68.0	5.9605823697	12.632024539
490.0	69.0	12.0644914791	1.23554178312
490.0	70.0	5.71623237743	9.98552602001
490.0	71.0	7.18906721459	11.3067466712
490.0	72.0	7.42352534671	11.131809038
490.0	73.0	2.50748131608	1.18303662718
490.0	74.0	5.36686029545	1.90689179971
490.0	75.0	6.19861840869	9.26978528067
490.0	76.0	6.18051840926	8.59843526408
490.0	77.0	9.81461945717	7.80823266722
490.0	78.0	5.82378004845	5.97102952903
490.0	79.0	7.01795908046	5.46459343404
490.0	80.0	8.52888810246	8.32015793761
490.0	81.0	8.98749157634	7.80417545063
490.0	82.0	7.19790674919	8.71585588554
490.0	83.0	6.90325559572	9.66572188839
490.0	84.0	3.85151150615	9.88051570814
490.0	85.0	12.3585112372	5.23142280972
490.0	86.0	5.4510463393	8.50822185978
490.0	87.0	11.2011635994	4.29730835364
490.0	88.0	11.6709217241	3.667723802
490.0	89.0	8.04187183879	5.03333517596
490.0	90.0	11.5124414965	9.95211364805
490.0	91.0	3.43878942617	5.5791501379
490.0	92.0	1.15376973097	3.22620317253
490.0	152.0	14.9564925504	4.15697639141
490.0	242.0	10.7478217532	8.79867083604
490.0	243.0	11.8870693916	8.87814454934
490.0	244.0	11.80709265	7.84904349298
490.0	245.0	12.0175577596	6.03809293275
490.0	246.0	12.0577565956	5.64311096422
490.0	247.0	14.2162867599	6.6602790306
490.0	248.0	14.3556146624	6.82065841601
490.0	249.0	14.6742588384	6.31541562002
490.0	250.0	14.6786786057	5.86840581515
490.0	348.0	3.53665570215	12.9260534123
490.0	350.0	8.86752646385	10.2306296343
490.0	397.0	8.87320902181	9.80080333503
490.0	398.0	7.40121604509	11.7948059616
490.0	399.0	3.32177082522	13.5587405413
500.0	4.0	4.44460218507	11.3659343016
500.0	18.0	14.427804195	7.52565946436
500.0	19.0	12.999377496	6.76123212588
500.0	25.0	4.90888821691	0.932205177681
500.0	26.0	3.69008476706	4.45888103805
500.0	27.0	3.69282081349	3.87917638454
500.0	28.0	2.83475456155	3.8276258678
500.0	29.0	12.4986810002	7.60131462087
500.0	30.0	12.7943844792	7.1619419296
500.0	33.0	8.38471950237	9.02468166636
500.0	34.0	8.66442763306	9.15069404061
500.0	35.0	9.37685202915	3.48443307582
500.0	36.0	15.1966332405	8.15452803661
500.0	46.0	3.0633196706	11.684783794
500.0	47.0	3.01386036984	12.0189075136
500.0	51.0	3.11130571559	12.2501688595
500.0	53.0	3.28578129147	12.7535023771
500.0	54.0	2.83728014286	12.645150828
500.0	55.0	7.04531954471	10.3399358226
500.0	56.0	5.10419983864	5.30970322402
500.0	60.0	8.1950904386	8.71848114333
500.0	61.0	7.79268114899	9.10439403947
500.0	68.0	5.98268120622	12.7262951599
500.0	69.0	12.3942903058	0.622902077252
500.0	70.0	5.6741393555	9.79459818024
500.0	71.0	7.22084744614	11.4296564681
500.0	72.0	7.41910557941	11.2129533699
500.0	73.0	2.07665923668	1.09783507868
500.0	74.0	4.9459300762	1.80665468383
500.0	75.0	6.12600794587	9.44281363546
500.0	76.0	5.91912074311	8.78769248525
500.0	77.0	9.56416597671	7.64546668382
500.0	78.0	5.44368006046	5.94024241487
500.0	79.0	6.6405951389	5.4972898266
500.0	80.0	8.3306299692	8.3270790718
500.0	81.0	8.71409739894	7.8297120492
500.0	82.0	7.04994977713	8.78649918625
500.0	83.0	6.91777768828	9.83851158339
500.0	84.0	3.82373011168	10.1318244772
500.0	85.0	12.8636275003	5.3268867296
500.0	86.0	5.15408006962	8.77265691787
500.0	87.0	10.9225077942	4.24122330071
500.0	88.0	11.4659287073	3.59254596509
500.0	89.0	7.54180673832	4.8323836246
500.0	90.0	11.5124414965	10.1112997345
500.0	91.0	3.76458941587	5.84095993819
500.0	92.0	1.37665228206	3.45078204406
500.0	152.0	15.0457297569	4.42451402689
500.0	242.0	10.6337496638	8.93780949927
500.0	243.0	11.7439531171	9.06907238911
500.0	244.0	11.5265426589	7.91849349469
500.0	245.0	11.5861042849	5.96649499284
500.0	246.0	11.6082031214	5.56721714792
500.0	247.0	14.1038983913	6.67603057738
500.0	248.0	14.2379646662	6.81373728182
500.0	249.0	14.5511367493	6.3304511874
500.0	250.0	14.460426287	5.85074498998
500.0	348.0	3.6886115113	12.7931199038
500.0	350.0	8.83827181361	10.1244260234
500.0	397.0	9.04116017929	9.67574559998
500.0	398.0	7.21958465548	11.6795332784
500.0	399.0	3.33039989471	13.5434663141
510.0	4.0	4.24718591224	11.5224951302
510.0	18.0	14.4431681481	7.52923936136
510.0	19.0	13.1366007475	6.83402336479
510.0	25.0	4.5325766009	0.76585929728
510.0	26.0	3.67619406983	4.45744907925
510.0	27.0	3.68187662779	3.89158669413
510.0	28.0	3.05174408957	3.78442844406
510.0	29.0	12.7392426205	7.64117080743
510.0	30.0	13.0477844712	7.23258523032
510.0	33.0	8.54761949722	8.82229815621
510.0	34.0	8.76418809503	9.00009970699
510.0	35.0	9.67634388014	3.18825626437
510.0	46.0	2.86190456069	11.7506538987
510.0	47.0	2.78761037699	12.0845389585
510.0	51.0	2.89768362932	12.3296425728
510.0	53.0	3.16097548147	12.8651951634
510.0	54.0	2.74446502952	12.7616168103
510.0	55.0	7.08972768285	10.490768816
510.0	56.0	5.08841495542	5.327602709
510.0	60.0	8.27401485471	8.55452186093
510.0	61.0	7.86045091429	8.95045846865
510.0	68.0	6.00499050784	12.820327121
510.0	69.0	12.7240891326	0.0102623713877
510.0	70.0	5.65372423987	9.59674920628
510.0	71.0	7.25283814281	11.5525662649
510.0	72.0	7.41468581211	11.2940977018
510.0	73.0	1.64562669216	1.01263353018
510.0	74.0	4.52499985695	1.70641756795
510.0	75.0	6.08244166818	9.59197601028
510.0	76.0	5.68339982033	8.97527908782
510.0	77.0	9.29897993858	7.50012286579
510.0	78.0	5.06631611891	5.87866818654
510.0	79.0	6.26323119735	5.53022487896
510.0	80.0	8.05786718712	8.28316566865
510.0	81.0	8.42091950123	7.88078524634
510.0	82.0	6.9072544328	8.87886052874
510.0	83.0	6.93229978085	10.0113012784
510.0	84.0	3.79615918232	10.3828945865
510.0	85.0	13.3687437634	5.42235064949
510.0	86.0	4.92151612348	9.14950074161
510.0	87.0	10.6832089646	4.19086608297
510.0	88.0	11.236942668	3.51617482918
510.0	89.0	7.04111024252	4.61019135106
510.0	90.0	11.5048647526	10.2630873671
510.0	91.0	4.09038940557	6.10276973847
510.0	92.0	1.59953483315	3.67536091559
510.0	152.0	15.1349669634	4.69229032217
510.0	242.0	10.5453543178	9.09866620428
510.0	243.0	11.7241693968	9.24066878511
510.0	244.0	11.2457822026	7.98818215621
510.0	245.0	11.1546508102	5.89489705292
510.0	246.0	11.1622275541	5.48058364062
510.0	247.0	14.0068739758	6.62805995764
510.0	248.0	14.1203146699	6.80681614763
510.0	249.0	14.4827355887	6.34238417738
510.0	250.0	14.3686634992	5.85169962917
510.0	348.0	3.80752429824	12.6167503119
510.0	350.0	8.80922762849	10.0184610724
510.0	397.0	9.20679622057	9.48792033761
510.0	398.0	7.03563814967	11.5687951313
510.0	399.0	3.33902896421	13.528192087
520.0	4.0	4.08407545228	11.695523485
520.0	18.0	14.4583216359	7.53305791816
520.0	19.0	13.2740344641	6.90657594391
520.0	25.0	4.05713591825	0.629345891844
520.0	26.0	3.66209290748	4.45577846065
520.0	27.0	3.67093244209	3.90399700371
520.0	28.0	3.15697664438	3.75889184549
520.0	29.0	12.9419205211	7.6609795708
520.0	30.0	13.3013949283	7.30298987123
520.0	33.0	8.73177646814	8.60583371787
520.0	34.0	8.86394855699	8.84926671357
520.0	35.0	9.9859380564	2.90735368011
520.0	46.0	2.66027898567	11.8167626632
520.0	47.0	2.5451545707	12.1621033934
520.0	51.0	2.66996038071	12.4265384515
520.0	53.0	3.09131153018	13.0005152698
520.0	54.0	2.65143945106	12.8780827925
520.0	55.0	7.11982419352	10.6327713968
520.0	56.0	5.07263007219	5.34550219398
520.0	60.0	8.39145438588	8.33758010299
520.0	61.0	7.9284311447	8.79652289784
520.0	70.0	5.72023121451	9.37049971615
520.0	72.0	7.41026604481	11.3754806935
520.0	73.0	1.24174414679	0.869437650356
520.0	74.0	4.1040696377	1.60618045207
520.0	75.0	6.08244166818	9.70581673475
520.0	76.0	5.45020447886	9.1628656904
520.0	77.0	9.00159273868	7.36981461515
520.0	78.0	4.69589752596	5.7450186987
520.0	79.0	5.92901260326	5.57103570471
520.0	80.0	7.75311370839	8.21729556393
520.0	81.0	8.12774160352	7.93209710328
520.0	82.0	6.76476955358	8.97122187123
520.0	83.0	6.94850559429	10.1828976744
520.0	84.0	3.76837778785	10.6342033556
520.0	85.0	13.7682065415	5.51089343518
520.0	86.0	4.71441845561	9.51655951357
520.0	87.0	10.4607473437	4.14313412303
520.0	88.0	10.9115636085	3.43670111587
520.0	89.0	6.54041374672	4.38799907753
520.0	90.0	11.4665601026	10.3859971639
520.0	91.0	4.38630334971	6.37150067295
520.0	92.0	1.78663831561	3.86103823976
520.0	242.0	10.4952636217	9.29174198224
520.0	243.0	11.7045961416	9.4122651811
520.0	244.0	11.0494182553	8.15023216021
520.0	245.0	10.6901543132	5.80444498883
520.0	246.0	10.7187775681	5.38679033933
520.0	247.0	13.9197414204	6.53760789355
520.0	248.0	14.0056111851	6.78891666265
520.0	249.0	14.414334428	6.35431716737
520.0	250.0	14.308680943	5.85742746437
520.0	348.0	3.92328010853	12.4375168023
520.0	350.0	8.85405669684	9.87717447094
520.0	397.0	9.37264272695	9.29985641543
520.0	398.0	6.84558815568	11.4687966752
520.0	399.0	3.34744756859	13.5129178598
530.0	4.0	3.92096499232	11.8685518397
530.0	18.0	14.4736855889	7.53663781515
530.0	19.0	13.4112577156	6.97912852302
530.0	25.0	3.53897081835	0.505242795993
530.0	26.0	3.64799174514	4.45410784205
530.0	27.0	3.6601987215	3.9161686535
530.0	28.0	3.2622091992	3.73335524692
530.0	29.0	13.106925167	7.6609795708
530.0	30.0	13.4337774823	7.36432543976
530.0	33.0	8.91593343907	8.38960793933
530.0	34.0	9.02200785432	8.64736052302
530.0	35.0	10.2955322327	2.62668975565
530.0	46.0	2.45886387576	11.8826327679
530.0	47.0	2.27870574192	12.2575673133
530.0	51.0	2.4424475972	12.5231956704
530.0	53.0	3.03532781102	13.1418018712
530.0	54.0	2.56725340721	12.9997992904
530.0	55.0	7.14971023909	10.7750126375
530.0	56.0	5.05663472386	5.36364033876
530.0	60.0	8.54761949722	8.06813318911
530.0	61.0	8.08564858159	8.59604866608
530.0	70.0	5.77810911966	9.15093270041
530.0	73.0	0.855961600847	0.687578882974
530.0	74.0	3.68313941845	1.50594333619
530.0	75.0	6.08244166818	9.81965745921
530.0	76.0	5.23826611347	9.35021363317
530.0	77.0	8.62970088998	7.27435069527
530.0	78.0	4.32547893302	5.61136921086
530.0	79.0	5.60594865999	5.61351714906
530.0	80.0	7.44836022965	8.15142545921
530.0	81.0	7.84340324041	7.89725277252
530.0	82.0	6.61996955816	9.06262857452
530.0	83.0	6.98049629095	10.341845101
530.0	84.0	3.72649523103	10.8828868669
530.0	85.0	14.1413611808	5.59776560228
530.0	86.0	4.6091859008	9.84471673818
530.0	87.0	10.2382857228	4.09540216308
530.0	88.0	10.5863950142	3.35722740257
530.0	89.0	6.01930213529	4.11449494706
530.0	90.0	11.4282554527	10.5089069608
530.0	91.0	4.66937892215	6.64285686522
530.0	92.0	1.97374179807	4.04671556394
530.0	242.0	10.4272833913	9.47479404862
530.0	243.0	11.6848124213	9.58362291729
530.0	244.0	10.8667345402	8.3263630924
530.0	245.0	10.2256578163	5.71375426494
530.0	246.0	10.275117117	5.29323569784
530.0	247.0	13.832608865	6.44715582946
530.0	248.0	13.8976425839	6.7461965585
530.0	249.0	14.3459332674	6.36625015736
530.0	250.0	14.2484879216	5.86315529956
530.0	251.0	15.0903483602	5.19633981916
530.0	348.0	4.00936033837	12.2313147353
530.0	350.0	8.94834506595	9.71273786894
530.0	397.0	9.53848923334	9.11179249326
530.0	398.0	6.65553816169	11.3685595594
530.0	399.0	3.35607663809	13.4976436326
540.0	4.0	3.75785453236	12.0415801945
540.0	18.0	14.4888390768	7.54045637195
540.0	19.0	13.548480967	7.05191976193
540.0	25.0	3.02101618356	0.381378359942
540.0	26.0	3.6341010479	4.45267588325
540.0	27.0	3.6492545358	3.92857896308
540.0	28.0	3.28767547746	3.71521710214
540.0	29.0	13.2717193479	7.6609795708
540.0	30.0	13.5659495711	7.42566100828
540.0	33.0	9.10366831685	8.12970741744
540.0	34.0	9.26741017214	8.36908319655
540.0	35.0	10.6089147809	2.40879335851
540.0	46.0	2.23661271999	11.9998147296
540.0	47.0	2.01204644802	12.3530312332
540.0	51.0	2.2149348137	12.6198528892
540.0	53.0	2.97955455697	13.2830884727
540.0	54.0	2.56241270969	13.1680544492
540.0	55.0	7.17980674977	10.9170152183
540.0	56.0	5.04084984064	5.38153982374
540.0	60.0	8.70378460856	7.79868627524
540.0	61.0	8.30242764451	8.36454866036
540.0	70.0	5.81557190917	8.94640125206
540.0	73.0	0.469968589794	0.505720115593
540.0	74.0	3.28241384972	1.40260364292
540.0	75.0	6.08244166818	9.93373684347
540.0	76.0	5.2149044863	9.53589095735
540.0	77.0	8.25801950638	7.17888677538
540.0	78.0	3.8921312723	5.48917539341
540.0	79.0	5.2826742516	5.65623725321
540.0	80.0	7.11077419381	8.11109195306
540.0	81.0	7.56264278417	7.8256548326
540.0	82.0	6.46590909792	9.14997806121
540.0	83.0	7.0122765225	10.5010311874
540.0	84.0	3.6273661644	11.1215466666
540.0	85.0	14.4875762862	5.68392178998
540.0	86.0	4.50395334599	10.1728739628
540.0	87.0	9.99309387013	4.02356556337
540.0	88.0	10.2612264198	3.27751502946
540.0	89.0	5.49313936123	3.8281031874
540.0	90.0	11.3899508027	10.6318167576
540.0	91.0	4.9524544946	6.9144517173
540.0	92.0	2.16084528053	4.23215422832
540.0	242.0	10.3182624645	9.63398013503
540.0	243.0	11.6229356791	9.79101828324
540.0	244.0	10.7236182656	8.53638371615
540.0	245.0	9.76305550531	5.62330220085
540.0	246.0	9.80325434125	5.20851146895
540.0	247.0	13.7052774737	6.41994861229
540.0	248.0	13.7898844478	6.70323779455
540.0	249.0	14.2297565269	6.38104706494
540.0	250.0	14.1882949003	5.86864447495
540.0	251.0	14.9851158053	4.92498362689
540.0	348.0	4.0954405682	12.0251126684
540.0	350.0	9.04284390017	9.54806260714
540.0	397.0	9.70665085593	8.9139435193
540.0	398.0	6.45643816798	11.2683224435
540.0	399.0	3.36470570758	13.4823694054
550.0	4.0	3.6690382561	12.2496915399
550.0	18.0	14.5042030298	7.54403626894
550.0	19.0	13.7223251476	7.10275429927
550.0	25.0	2.50285108367	0.257513923891
550.0	26.0	3.61999988556	4.45100526466
550.0	27.0	3.6383103501	3.94098927267
550.0	28.0	3.25989408299	3.70185215336
550.0	29.0	13.4367239938	7.6609795708
550.0	30.0	13.6983321251	7.48699657681
550.0	33.0	9.2949811015	7.8258934924
550.0	34.0	9.51302295507	8.09056721029
550.0	35.0	10.9286112824	2.28492892246
550.0	46.0	2.00047086699	12.1513637024
550.0	47.0	1.74538715412	12.4484951531
550.0	51.0	1.96995342609	12.7157941287
550.0	53.0	2.92378130292	13.4243750741
550.0	54.0	2.55757201217	13.336309608
550.0	55.0	7.17686023823	11.0220255302
550.0	56.0	5.02506495742	5.39943930872
550.0	60.0	8.86984158006	7.51515843318
550.0	61.0	8.51941717253	8.13328731443
550.0	70.0	5.8532451638	8.7418698037
550.0	73.0	0.0841860438502	0.323861348211
550.0	74.0	2.90168246641	1.29592271244
550.0	75.0	6.08244166818	10.0475775679
550.0	76.0	5.19154285913	9.72132962173
550.0	77.0	7.88760091344	7.0753084223
550.0	78.0	3.44320919347	5.36984549355
550.0	79.0	4.90741496114	5.67700065578
550.0	80.0	6.76498001869	8.0769636017
550.0	81.0	7.28209279304	7.75405689269
550.0	82.0	6.31184863767	9.23732754791
550.0	83.0	7.04426721917	10.6602172738
550.0	84.0	3.52844756287	11.3602064664
550.0	85.0	14.8159018572	5.76983931787
550.0	86.0	4.35494404837	10.4676188154
550.0	87.0	9.65740202028	3.85602638397
550.0	88.0	9.90554038453	3.15603719141
550.0	89.0	4.96697658716	3.54171142775
550.0	90.0	11.2472554584	10.7731033591
550.0	91.0	5.06526379336	7.19511564176
550.0	92.0	2.32816504268	4.37630474735
550.0	242.0	10.2090310726	9.79292756164
550.0	243.0	11.5505356814	10.0072440618
550.0	244.0	10.5805019911	8.7464043399
550.0	245.0	9.31792179845	5.53141817796
550.0	246.0	9.32423575174	5.12617383805
550.0	247.0	13.5604774783	6.41994861229
550.0	248.0	13.6819158465	6.6605176904
550.0	249.0	14.0660146716	6.39870789012
550.0	250.0	14.0721181598	5.86721251616
550.0	251.0	14.8798832505	4.65386609441
550.0	348.0	4.17583824008	11.8267863748
550.0	350.0	9.16933343106	9.34687239598
550.0	397.0	9.87502294363	8.71513990614
550.0	398.0	6.22176957075	11.1673693482
550.0	399.0	3.37312431197	13.4670951782
560.0	4.0	3.5989533746	12.4666332978
560.0	18.0	14.5195669828	7.54785482574
560.0	19.0	13.9327902572	7.13163213504
560.0	25.0	1.98489644888	0.13364948784
560.0	26.0	3.60589872321	4.44933464606
560.0	27.0	3.6273661644	3.95339958225
560.0	28.0	3.23211268852	3.68872586437
560.0	29.0	13.5341693396	7.6609795708
560.0	30.0	13.7797821225	7.56265173332
560.0	33.0	9.48629388615	7.52207956737
560.0	34.0	9.75863573801	7.81205122402
560.0	35.0	11.2480973188	2.1613031462
560.0	46.0	1.76432901399	12.3026740154
560.0	47.0	1.47893832534	12.5439590729
560.0	51.0	1.71739529454	12.8112580486
560.0	53.0	2.86800804887	13.5656616755
560.0	54.0	2.55294177976	13.504326107
560.0	55.0	7.12424396082	11.0719054283
560.0	56.0	5.0092800742	5.4173387937
560.0	60.0	9.05126250456	7.21015120914
560.0	61.0	8.74082646786	7.87744400914
560.0	70.0	5.93679981232	8.54306619054
560.0	73.0	-0.301596502093	0.14200258083
560.0	74.0	2.5211615482	1.18924178197
560.0	75.0	6.2228218963	10.1351657144
560.0	76.0	5.24689518296	9.91989457509
560.0	77.0	7.52076022736	6.95239862545
560.0	78.0	2.99428711464	5.2505155937
560.0	79.0	4.53236613579	5.69776405836
560.0	80.0	6.41918584358	8.04283525034
560.0	81.0	7.02385210353	7.69725586036
560.0	82.0	6.15799864253	9.3246770346
560.0	83.0	7.02132652222	10.7334858323
560.0	84.0	3.42931849624	11.5988662661
560.0	85.0	15.1442274282	5.85575684577
560.0	86.0	4.19499056506	10.7540105751
560.0	87.0	9.32192063553	3.68824854477
560.0	88.0	9.5464869075	3.02954749756
560.0	89.0	4.40713939556	3.30615420543
560.0	90.0	11.092984533	10.9162992389
560.0	91.0	5.13534867486	7.47792750442
560.0	92.0	2.4664406197	4.45840371845
560.0	153.0	4.92867193721	0.15011701402
560.0	242.0	10.1044299131	9.95044302945
560.0	243.0	11.4783461488	10.2237085001
560.0	244.0	10.4872659475	8.97360846923
560.0	245.0	8.87278809159	5.43953415507
560.0	246.0	8.84542762734	5.04383620714
560.0	247.0	13.415887948	6.41994861229
560.0	248.0	13.5533216646	6.64619810242
560.0	249.0	13.9024832814	6.4163687153
560.0	250.0	13.9184786298	5.86076870156
560.0	251.0	14.8883018549	4.33883515879
560.0	252.0	14.944075109	6.05957231472
560.0	348.0	4.25581498174	11.6294147204
560.0	350.0	9.30950319407	9.12993063804
560.0	397.0	10.0433950313	8.51609763318
560.0	398.0	5.98689050841	11.0664162529
560.0	399.0	3.38175338146	13.4520596108
570.0	4.0	3.52886849309	12.6835750558
570.0	18.0	14.5347204707	7.55143472273
570.0	19.0	14.1432553668	7.1605099708
570.0	25.0	1.46673134898	0.00954639198854
570.0	26.0	3.59200802598	4.44790268726
570.0	27.0	3.6164219787	3.96580989184
570.0	28.0	3.20433129405	3.67536091559
570.0	29.0	13.6145670115	7.6609795708
570.0	30.0	13.8105100285	7.65214915821
570.0	33.0	9.67823806613	7.21635636394
570.0	34.0	9.99940782342	7.48055276222
570.0	35.0	11.5650577739	2.13528922804
570.0	46.0	1.52818716099	12.4539843284
570.0	47.0	1.2221708916	12.6659142306
570.0	51.0	1.46483716299	12.9067219685
570.0	54.0	2.54810108224	13.6725812658
570.0	55.0	7.07162768342	11.1215466666
570.0	56.0	4.99349519098	5.43523827867
570.0	60.0	9.23247296394	6.90514398511
570.0	61.0	8.97296948377	7.56479967152
570.0	70.0	6.06623585474	8.35022907237
570.0	74.0	2.14043016489	1.0825608515
570.0	75.0	6.36299165931	10.2225152011
570.0	76.0	5.42094982862	10.1377909722
570.0	77.0	7.15391954128	6.8297274884
570.0	78.0	2.56157084925	5.12426455965
570.0	79.0	4.14889870605	5.6662609648
570.0	80.0	6.18157073481	7.98126102202
570.0	81.0	6.77508234396	7.64642132302
570.0	82.0	6.00583236827	9.4127425007
570.0	83.0	6.98470559314	10.7852750089
570.0	84.0	3.29588361674	11.7897941058
570.0	86.0	4.00536150128	11.0289466644
570.0	87.0	8.98622878568	3.52047070557
570.0	88.0	9.18743343048	2.90329646351
570.0	89.0	3.83888359957	3.0834846123
570.0	90.0	10.9385031426	11.0594951187
570.0	91.0	5.20585448659	7.75787544949
570.0	92.0	2.60450573162	4.54050268955
570.0	153.0	5.05642425875	0.206440726752
570.0	242.0	10.0029857303	10.1067651983
570.0	243.0	11.4084717324	10.4024646901
570.0	244.0	10.4270729262	9.21226826894
570.0	245.0	8.4335474078	5.3290346678
570.0	246.0	8.4247078732	4.87629702775
570.0	247.0	13.266247255	6.42400582889
570.0	248.0	13.3937891115	6.67531459799
570.0	249.0	13.7656809602	6.42567644748
570.0	250.0	13.7650495648	5.85432488697
570.0	251.0	14.8967204593	4.02380422317
570.0	252.0	14.6934111634	5.9118418987
570.0	348.0	4.33558125829	11.4318044063
570.0	350.0	9.44988342219	8.9127502203
570.0	397.0	10.1825124688	8.36454866036
570.0	398.0	5.72633470269	11.0146270764
570.0	399.0	3.39038245096	13.4367853837
580.0	4.0	3.43605337975	12.8807080503
580.0	18.0	14.5500844237	7.55525327953
580.0	19.0	14.3455123372	7.18365997137
580.0	26.0	3.57790686363	4.44623206866
580.0	27.0	3.6056882581	3.97798154162
580.0	28.0	3.17654989958	3.6619959668
580.0	29.0	13.6951751484	7.6609795708
580.0	30.0	13.8412379345	7.7416465831
580.0	33.0	9.87333922275	6.90204140771
580.0	34.0	10.2391275833	7.13592801143
580.0	35.0	11.8807554384	2.15104077482
580.0	46.0	1.24048135613	12.5993281465
580.0	47.0	0.96666624851	12.7909719656
580.0	51.0	1.21501507787	12.9986059914
580.0	55.0	7.01901140601	11.171187905
580.0	56.0	4.97749984264	5.45337642345
580.0	60.0	9.41368342333	6.60037542088
580.0	61.0	9.2053229648	7.25191667409
580.0	70.0	6.19567189716	8.15763061401
580.0	74.0	1.75990924669	0.975879921028
580.0	75.0	6.50337188743	10.3101033476
580.0	76.0	5.59437307896	10.3444703588
580.0	77.0	6.78728932031	6.70705635135
580.0	78.0	2.13327435116	4.9965815668
580.0	79.0	3.76185336945	5.61232385006
580.0	80.0	5.94395562604	7.91968679369
580.0	81.0	6.52631258438	7.59582544548
580.0	82.0	5.87008237257	9.50820642058
580.0	83.0	6.94808466407	10.8373028452
580.0	84.0	3.15381966774	11.9687889556
580.0	86.0	3.74627895133	11.2766755365
580.0	87.0	8.63433112239	3.39040111473
580.0	88.0	8.83027413945	2.7467356349
580.0	89.0	3.27062780358	2.86081501917
580.0	90.0	10.8320077971	11.1055564601
580.0	91.0	5.2805696005	8.01204813618
580.0	92.0	2.73225805316	4.62856815564
580.0	153.0	5.18438704541	0.262525779685
580.0	154.0	4.50626846219	0.151071653219
580.0	242.0	9.90133108233	10.2630873671
580.0	243.0	11.3407019671	10.5564002609
580.0	244.0	10.3668799048	9.45092806865
580.0	245.0	8.0006206773	5.19944239656
580.0	246.0	8.01051253746	4.69921145636
580.0	247.0	13.1119763297	6.43188160228
580.0	248.0	13.2344670235	6.70419243375
580.0	249.0	13.6356135224	6.43259758168
580.0	250.0	13.6114100348	5.84788107238
580.0	251.0	14.9567030155	3.64170988383
580.0	252.0	14.4130716374	5.73642694591
580.0	348.0	4.37767428021	11.20102038
580.0	350.0	9.62983109092	8.72015176193
580.0	397.0	10.3182624645	8.21825020313
580.0	398.0	5.44852075799	10.9955342924
580.0	399.0	3.39880105534	13.4215111565
590.0	4.0	3.32050803456	13.0577936217
590.0	18.0	14.5652379116	7.55907183632
590.0	19.0	14.5147262853	7.18365997137
590.0	26.0	3.56380570129	4.44456145006
590.0	27.0	3.5947440724	3.99039185121
590.0	28.0	3.14876850511	3.64886967782
590.0	29.0	13.7448449143	7.6664687462
590.0	30.0	13.8717553754	7.831144008
590.0	33.0	10.0684403794	6.58748779169
590.0	34.0	10.4788473431	6.79130326065
590.0	35.0	12.1964531028	2.1670309814
590.0	46.0	0.901422064526	12.7384668097
590.0	47.0	0.711161605425	12.9160297007
590.0	51.0	0.976137178443	13.0766477459
590.0	55.0	6.9663951286	11.2210678031
590.0	56.0	4.96171495942	5.47127590843
590.0	60.0	9.5748996973	6.26649036108
590.0	61.0	9.35075435555	6.90753058311
590.0	70.0	6.25923236026	7.9163455565
590.0	74.0	1.46778367453	0.864664454362
590.0	75.0	6.54230793271	10.4072378861
590.0	76.0	5.7659021433	10.4506739697
590.0	77.0	6.46843467923	6.61708160686
590.0	78.0	1.70476738797	4.86865991415
590.0	79.0	3.37480803285	5.55838673533
590.0	80.0	5.70634051728	7.85811256537
590.0	81.0	6.27333352261	7.53997905235
590.0	82.0	5.73454284197	9.60367034047
590.0	83.0	6.91146373499	10.8890920217
590.0	84.0	3.01175571874	12.1477838054
590.0	86.0	3.48719640139	11.5244044086
590.0	87.0	8.26601718054	3.29756245264
590.0	88.0	8.47521949951	2.56034233133
590.0	89.0	2.64617782332	2.73337068612
590.0	90.0	10.7305636143	11.1408781104
590.0	91.0	5.35528471442	8.26598216308
590.0	92.0	2.81896967832	4.74097692131
590.0	153.0	5.31234983206	0.318610832617
590.0	154.0	4.69337194465	0.310257739627
590.0	242.0	9.90890782628	10.3747801533
590.0	243.0	11.2727217367	10.7103358317
590.0	244.0	10.2946903722	9.66906312559
590.0	245.0	7.56769394681	5.06985012531
590.0	246.0	7.59652766682	4.52212588497
590.0	247.0	12.9577054043	6.43975737567
590.0	248.0	13.081879819	6.73259294992
590.0	249.0	13.5057565498	6.43951871587
590.0	250.0	13.4554553886	5.84716509298
590.0	251.0	15.0680390585	3.19231348097
590.0	252.0	14.0876925779	5.51948518797
590.0	253.0	15.1189716151	6.35097593017
590.0	348.0	4.41976730214	10.9704750134
590.0	350.0	9.86934038567	8.56382959312
590.0	397.0	10.4540124602	8.07219040571
590.0	398.0	5.17344285971	10.9871811994
590.0	399.0	3.40743012484	13.4062369293
600.0	4.0	3.20517315449	13.2348791931
600.0	18.0	14.5806018646	7.56265173332
600.0	19.0	14.6841506986	7.18365997137
600.0	26.0	3.54991500405	4.44312949127
600.0	27.0	3.5837998867	4.00280216079
600.0	28.0	3.12098711064	3.63550472903
600.0	29.0	13.7486332863	7.68031101458
600.0	30.0	13.9024832814	7.92064143289
600.0	33.0	10.263541536	6.27317283547
600.0	34.0	10.7114112893	6.44381459226
600.0	35.0	12.5687658817	2.19757943576
600.0	46.0	0.562362772919	12.8776054729
600.0	47.0	0.45544649723	13.0410874357
600.0	51.0	0.737469744128	13.1546895004
600.0	55.0	6.95145210582	11.3003028566
600.0	56.0	4.9459300762	5.48917539341
600.0	60.0	9.73127527376	5.92568416709
600.0	61.0	9.36569737834	6.51541253218
600.0	70.0	6.31542654453	7.66980998339
600.0	74.0	1.19775693888	0.752017028897
600.0	75.0	6.58124397799	10.5046110844
600.0	76.0	5.93743120765	10.5566389207
600.0	77.0	6.16178701451	6.53522129555
600.0	78.0	1.23711391438	4.63000011444
600.0	79.0	3.0153336256	5.47509446523
600.0	80.0	5.5581730801	7.83973576079
600.0	81.0	6.01361957733	7.47649554562
600.0	82.0	5.59879284626	9.69913426035
600.0	83.0	6.88052536388	10.9499502707
600.0	84.0	2.86969176974	12.3267786552
600.0	86.0	3.18854641083	11.7272652383
600.0	87.0	7.8977032387	3.20472379055
600.0	88.0	8.11995439446	2.37394902775
600.0	89.0	2.00783714583	2.63003099284
600.0	90.0	10.6554275701	11.1680853276
600.0	91.0	5.42999982834	8.52015484977
600.0	92.0	2.90568130349	4.85314702717
600.0	153.0	5.44031261871	0.37493454535
600.0	154.0	4.88047542711	0.469443826036
600.0	242.0	9.96320782456	10.4671414958
600.0	243.0	11.3223915025	10.8163007828
600.0	244.0	10.2195543281	9.88218632673
600.0	245.0	7.13476721631	4.94025785407
600.0	246.0	7.1718090756	4.35196144777
600.0	247.0	12.8339519199	6.44739448926
600.0	248.0	12.9924321474	6.75645892989
600.0	249.0	13.3843181815	6.44381459226
600.0	250.0	13.2992902772	5.84716509298
600.0	252.0	13.7467391003	5.29061044005
600.0	253.0	14.8333704613	6.08677953189
600.0	348.0	4.46186032406	10.7396909871
600.0	350.0	10.1088496804	8.40750742431
600.0	397.0	10.528517109	7.9115723605
600.0	398.0	4.9240417048	11.0754853253
600.0	399.0	3.41605919433	13.3909627021
610.0	4.0	3.13908711006	13.4036116715
610.0	18.0	14.5957553525	7.56647029012
610.0	19.0	14.8533646467	7.18365997137
610.0	26.0	3.53581384171	4.44145887267
610.0	27.0	3.572855701	4.01521247038
610.0	28.0	3.09320571617	3.62237844005
610.0	29.0	13.7524216583	7.69415328296
610.0	30.0	13.9037460721	7.95715638225
610.0	33.0	10.4540124602	5.95718726065
610.0	34.0	10.9161938409	6.08582489269
610.0	35.0	12.9654926134	2.23433304492
610.0	46.0	0.223303481313	13.016982796
610.0	47.0	0.215095342037	13.1900111508
610.0	51.0	0.498591844703	13.2327312549
610.0	55.0	6.96176489619	11.3991080137
610.0	56.0	4.69463473531	5.496812507
610.0	60.0	9.88765085021	5.58463931329
610.0	61.0	9.38064040112	6.12329448125
610.0	70.0	6.37141026369	7.42303575049
610.0	74.0	0.927730203229	0.639369603432
610.0	75.0	6.62039048838	10.6017456229
610.0	76.0	6.05024050641	10.6597399542
610.0	77.0	5.85513934978	6.45336098425
610.0	78.0	0.769460440791	4.39134031473
610.0	79.0	2.67395921779	5.37175477195
610.0	80.0	5.41968703797	7.8258934924
610.0	81.0	5.75411609716	7.4127733791
610.0	82.0	5.46325331566	9.79459818024
610.0	83.0	6.87252768971	11.0463688297
610.0	84.0	2.71184293752	12.4752250506
610.0	86.0	2.87284874639	11.9110332841
610.0	87.0	7.52938929685	3.11188512846
610.0	88.0	7.75584975481	2.21882015794
610.0	89.0	1.36949646833	2.52669129957
610.0	90.0	10.6842612901	11.1621188326
610.0	91.0	5.61142075284	8.69294454476
610.0	92.0	2.99239292866	4.96555579284
610.0	153.0	5.56827540536	0.431019598282
610.0	154.0	5.07894402548	0.631016510442
610.0	242.0	10.0175078228	10.5595028383
610.0	243.0	11.4892903345	10.8738177945
610.0	244.0	10.144418284	10.0953095279
610.0	245.0	6.66311490563	4.74264753991
610.0	246.0	6.74477536817	4.18346762918
610.0	247.0	12.7411368065	6.45431562345
610.0	248.0	12.9029844758	6.78032490986
610.0	249.0	13.2761391152	6.44381459226
610.0	250.0	13.1431251659	5.84716509298
610.0	252.0	13.3426460898	5.01376507238
610.0	253.0	14.5475588424	5.82234447381
610.0	348.0	4.46859520757	10.5010311874
610.0	350.0	10.3271019991	8.27147133847
610.0	397.0	10.5876578048	7.7476130781
610.0	398.0	4.67464054989	11.164028111
610.0	399.0	3.42468826383	13.3756884749
620.0	4.0	3.14729524934	13.5594565207
620.0	18.0	14.6111193055	7.57005018711
620.0	19.0	15.0225785949	7.18365997137
620.0	26.0	3.52171267936	4.43978825407
620.0	27.0	3.5619115153	4.02762277996
620.0	28.0	3.0654243217	3.60901349127
620.0	29.0	13.7562100302	7.70775689155
620.0	30.0	13.8921704911	7.97123731043
620.0	33.0	10.6036531532	5.62425684005
620.0	34.0	11.1207659275	5.72783519312
620.0	35.0	13.358430973	2.26917737568
620.0	46.0	0.0526162774064	13.1262889842
620.0	47.0	-0.0187313947567	13.3489585774
620.0	51.0	0.259924410388	13.3107730094
620.0	55.0	6.97207768656	11.4981518306
620.0	56.0	4.44354985952	5.50468828039
620.0	60.0	10.0511822404	5.2462197173
620.0	61.0	9.43220435298	5.70301457395
620.0	70.0	6.25081375588	7.15502079541
620.0	74.0	0.65770346758	0.526960837767
620.0	75.0	6.65932653366	10.6991188212
620.0	76.0	6.07507538934	10.7578291319
620.0	77.0	5.57943005617	6.37627386894
620.0	78.0	0.301596502093	4.15268051501
620.0	79.0	2.33279527509	5.26865373847
620.0	80.0	5.28141146094	7.81228988382
620.0	81.0	5.525340523	7.37458781115
620.0	82.0	5.30729866943	9.91631467809
620.0	83.0	6.86431955044	11.142548729
620.0	84.0	2.54978480311	12.6160343325
620.0	86.0	2.55567782618	12.0957559691
620.0	87.0	7.19727535386	3.07727945751
620.0	88.0	7.37111953441	2.13695984663
620.0	89.0	0.736627883689	2.44220573047
620.0	90.0	10.7133054753	11.1561523376
620.0	91.0	5.79284167733	8.86573423976
620.0	92.0	3.03869525277	5.1657913648
620.0	153.0	5.74969632986	0.511686610586
620.0	154.0	5.32308355265	0.802851566236
620.0	242.0	10.1265287496	10.651625521
620.0	243.0	11.6561891664	10.9313348063
620.0	244.0	10.0842252626	10.2315842735
620.0	245.0	6.19125212985	4.54527588554
620.0	246.0	6.31774166074	4.01521247038
620.0	247.0	12.6483216932	6.46147541744
620.0	248.0	12.8135368042	6.80419088983
620.0	249.0	13.1679600488	6.44381459226
620.0	250.0	13.0425228435	5.87628158854
620.0	252.0	12.9385530793	4.73691970471
620.0	253.0	14.2558542005	5.55790941573
620.0	348.0	4.47554055619	10.2623713877
620.0	350.0	10.5238868766	8.15595999541
620.0	397.0	10.6470089657	7.58341513589
620.0	398.0	4.44354985952	11.2661745053
620.0	399.0	3.42068942674	13.3480039382
630.0	4.0	3.15529292351	13.7155400297
630.0	18.0	14.6262727934	7.57386874391
630.0	26.0	3.40953477593	4.40828516051
630.0	27.0	3.55117779471	4.03979442975
630.0	28.0	3.03764292723	3.59588720228
630.0	29.0	13.7599984022	7.72159915993
630.0	30.0	13.88059491	7.98531823861
630.0	33.0	10.753083381	5.29132641945
630.0	34.0	11.3253380141	5.36984549355
630.0	35.0	13.7187472407	2.28755418025
630.0	46.0	-0.0993395317432	13.2322539353
630.0	51.0	0.0210465109626	13.3888147639
630.0	55.0	6.98239047694	11.5971956475
630.0	56.0	4.19225451863	5.51232539398
630.0	60.0	10.2315508393	4.9137666163
630.0	61.0	9.50797179244	5.26388054248
630.0	70.0	6.11043352776	6.88461924233
630.0	74.0	0.38767673193	0.414313412303
630.0	75.0	6.69826257894	10.7962533596
630.0	76.0	6.09969980717	10.8561569694
630.0	77.0	5.37633122538	6.31040376422
630.0	78.0	-0.166056971495	3.9140207153
630.0	79.0	1.99142086728	5.1653140452
630.0	80.0	5.15765797648	7.79868627524
630.0	81.0	5.34307773806	7.37458781115
630.0	82.0	5.13766379107	10.0554533413
630.0	83.0	6.85632187627	11.2389672881
630.0	84.0	2.38793713381	12.7566049545
630.0	86.0	2.22482667385	12.2919343244
630.0	87.0	6.86916024796	3.04911760114
630.0	88.0	6.98617884891	2.05509953533
630.0	89.0	0.105232554813	2.36273201716
630.0	90.0	10.7421391953	11.1501858426
630.0	91.0	5.98331260154	9.03422805835
630.0	92.0	3.07489525163	5.38798363833
630.0	153.0	5.96668585788	0.608582489269
630.0	154.0	5.56722307981	0.97468662203
630.0	242.0	10.2723810706	10.7432708841
630.0	243.0	11.8763356711	10.9750095496
630.0	244.0	10.0242427064	10.368097679
630.0	245.0	5.72296726094	4.34002845779
630.0	246.0	5.87450213987	3.81545421802
630.0	247.0	12.5531914636	6.46553263404
630.0	248.0	12.7120926214	6.8263862512
630.0	249.0	13.0595705174	6.44381459226
630.0	250.0	12.9556007532	5.9125578781
630.0	252.0	12.5104670464	4.44503876966
630.0	253.0	13.9077449092	5.29180373905
630.0	348.0	4.48227543969	10.023711588
630.0	350.0	10.7208822192	8.04044865235
630.0	397.0	10.7337205909	7.47792750442
630.0	398.0	4.23981963341	11.3895616217
630.0	399.0	3.38764640453	13.2919188852
640.0	18.0	14.6416367464	7.5774486409
640.0	26.0	3.19906966631	4.34671093218
640.0	27.0	3.54023360901	4.05220473933
640.0	28.0	3.00986153275	3.5825222535
640.0	29.0	13.7637867742	7.73544142831
640.0	30.0	13.869019329	7.9996378266
640.0	33.0	10.9027240739	4.95839599885
640.0	34.0	11.4928682413	5.01686764978
640.0	35.0	14.0788530433	2.30593098483
640.0	55.0	6.99564977884	11.700296681
640.0	56.0	3.9620056887	5.48320889842
640.0	60.0	10.4119194383	4.5813135153
640.0	61.0	9.59468341761	4.81496145922
640.0	70.0	5.97026376475	6.61397902946
640.0	74.0	0.180789529168	0.314553616022
640.0	75.0	6.73046374071	10.8771590317
640.0	76.0	6.1245346901	10.9544848068
640.0	77.0	5.17302192949	6.2447723193
640.0	79.0	1.71381738768	5.09371610528
640.0	80.0	5.05537193321	7.78508266665
640.0	81.0	5.16060448802	7.37458781115
640.0	82.0	4.96823937782	10.1948306644
640.0	83.0	6.848113737	11.3353858472
640.0	84.0	2.22608946451	12.8974142363
640.0	86.0	1.89418598663	12.48787402
640.0	87.0	6.54104514205	3.02119440457
640.0	88.0	6.60144862851	1.97347788383
640.0	90.0	10.7711833804	11.1442193476
640.0	91.0	6.25523352318	9.1635816698
640.0	92.0	3.11130571559	5.61017591186
640.0	153.0	6.18367538591	0.705478367953
640.0	154.0	5.76737539907	1.06657064492
640.0	242.0	10.4180229265	10.835154907
640.0	243.0	12.1318403141	11.009137901
640.0	244.0	9.99877642809	10.5029404658
640.0	245.0	5.28583122825	4.06461504892
640.0	246.0	5.40769052672	3.56939596451
640.0	247.0	12.4384879789	6.44381459226
640.0	248.0	12.5016275118	6.8333073854
640.0	249.0	12.8890937786	6.49083057281
640.0	250.0	12.8684681978	5.94883416766
640.0	252.0	12.0718577579	4.14671402002
640.0	253.0	13.5596356178	5.02569806237
640.0	348.0	4.47112078888	9.75832189068
640.0	350.0	10.8408473317	7.96049761944
640.0	397.0	10.8389531457	7.4118187399
640.0	398.0	4.03608940729	11.5127100784
640.0	399.0	3.35460338232	13.2358338323
650.0	18.0	14.6567902343	7.5812671977
650.0	26.0	2.98860455668	4.28513670385
650.0	27.0	3.41353361302	4.03478257396
650.0	28.0	2.98208013828	3.56939596451
650.0	29.0	13.7677856113	7.7492836967
650.0	30.0	13.857443748	8.01371875478
650.0	33.0	11.0778310451	4.63739856823
650.0	34.0	11.6357740508	4.667469703
650.0	35.0	14.439169311	2.32406912961
650.0	55.0	7.0122765225	11.8079322506
650.0	56.0	3.73407197498	5.45003518626
650.0	60.0	10.6337496638	4.28990989985
650.0	61.0	9.77884038853	4.27797690986
650.0	70.0	5.75369516694	6.33522438339
650.0	74.0	0.0372523244037	0.227920108726
650.0	75.0	6.75845560029	10.9475636727
650.0	76.0	6.17273120021	11.029423984
650.0	77.0	5.01391030661	6.23856716451
650.0	79.0	1.4431592567	5.02545940257
650.0	80.0	4.95308588993	7.77147905807
650.0	81.0	5.00528123711	7.38031564634
650.0	82.0	4.79860449946	10.3339693276
650.0	83.0	6.84011606283	11.4318044063
650.0	84.0	2.15979295498	13.0532590855
650.0	86.0	1.56796506671	12.680949798
650.0	87.0	6.18367538591	2.96845058884
650.0	88.0	6.20345910621	1.92717788269
650.0	90.0	10.8000171004	11.1382528526
650.0	91.0	6.52694397971	9.29293528124
650.0	92.0	3.12035571531	5.82258313361
650.0	153.0	6.38488003071	0.769677854076
650.0	154.0	5.94900678868	1.12408765665
650.0	155.0	14.5431390751	0.304768564234
650.0	242.0	10.7086752429	10.9034116097
650.0	243.0	12.3873449572	11.0430275925
650.0	244.0	10.1120066571	10.631339438
650.0	245.0	4.84869519555	3.78920164005
650.0	246.0	4.94066844846	3.32333771101
650.0	247.0	12.3237844941	6.42209655049
650.0	248.0	12.2911624021	6.84046717939
650.0	249.0	12.7114612261	6.54309706894
650.0	250.0	12.7815461076	5.98511045721
650.0	252.0	11.6551368408	3.82571658941
650.0	253.0	13.2382553954	4.76722949928
650.0	348.0	4.45786148698	9.48982961601
650.0	350.0	10.8454775641	7.93376772187
650.0	397.0	10.9441857005	7.34547131558
650.0	398.0	3.8744522031	11.6270281224
650.0	399.0	3.32156036011	13.1797487794
660.0	18.0	14.6721541873	7.58484709469
660.0	26.0	2.82381037585	4.22642639313
660.0	27.0	3.20959292179	3.9975516452
660.0	28.0	2.95429874381	3.55603101573
660.0	29.0	13.7715739832	7.76288730528
660.0	30.0	13.8458681669	8.02779968296
660.0	33.0	11.3124996424	4.34360835478
660.0	34.0	11.7784693951	4.31807175622
660.0	35.0	14.7992751135	2.34244593419
660.0	55.0	7.02869280105	11.9155678203
660.0	56.0	3.50592779614	5.4168614741
660.0	60.0	10.8968310509	4.03931711015
660.0	61.0	10.0362392176	3.89015473533
660.0	70.0	5.52870796475	6.05527643833
660.0	74.0	-0.106284880361	0.141047941631
660.0	75.0	6.78623699477	11.0177296538
660.0	76.0	6.2207172452	11.1046018209
660.0	77.0	4.92088472815	6.32162077481
660.0	79.0	1.17250112572	4.95720269985
660.0	80.0	4.85101031176	7.75787544949
660.0	81.0	4.89036728726	7.39487389412
660.0	82.0	4.69568706086	10.4762105682
660.0	83.0	6.91020094433	11.5511343061
660.0	84.0	2.10423016604	13.2110132131
660.0	86.0	1.25226740227	12.8675817614
660.0	87.0	5.79684051442	2.89112481373
660.0	88.0	5.80231260727	1.88994695393
660.0	90.0	10.8290612856	11.1322863576
660.0	91.0	6.79170908762	9.41775435649
660.0	92.0	3.12624873838	6.03403571616
660.0	153.0	6.56251258323	0.784474761658
660.0	154.0	6.13042771317	1.18184332818
660.0	155.0	14.3326739655	0.684476305578
660.0	242.0	10.9993275592	10.9714296526
660.0	243.0	12.5908647182	11.0363451181
660.0	244.0	10.2254473512	10.7599770701
660.0	245.0	4.38819753569	3.54004080915
660.0	246.0	4.47238357954	3.0801433751
660.0	247.0	12.2088705443	6.40037850872
660.0	248.0	12.0806972925	6.84738831358
660.0	249.0	12.5338286735	6.59512490528
660.0	250.0	12.6790495992	6.01422695278
660.0	252.0	11.2891380152	3.45221400286
660.0	253.0	12.943604242	4.51663670958
660.0	348.0	4.44481265018	9.22133734133
660.0	350.0	10.8503182616	7.90679916451
660.0	397.0	11.0494182553	7.27912389126
660.0	398.0	3.81068127488	11.7210600835
660.0	399.0	3.2885173379	13.1234250666
670.0	18.0	14.6873076752	7.58866565149
670.0	26.0	2.72762782075	4.17177329899
670.0	27.0	3.00565223056	3.96032071644
670.0	28.0	2.92672781445	3.54266606695
670.0	29.0	13.7753623552	7.77672957366
670.0	30.0	13.8342925859	8.04188061114
670.0	33.0	11.5471682396	4.04981814134
670.0	34.0	11.9464205526	3.97153772703
670.0	35.0	15.1595913812	2.36082273877
670.0	55.0	7.04531954471	12.02320339
670.0	56.0	3.31229989529	5.39371147352
670.0	60.0	11.1167670904	3.71831967954
670.0	61.0	10.3668799048	3.65149493562
670.0	70.0	5.30372076256	5.77556715307
670.0	75.0	6.81401838924	11.0878956349
670.0	76.0	6.26891375531	11.179540998
670.0	77.0	4.82806961481	6.40491304491
670.0	79.0	0.912366250227	4.89204857453
670.0	80.0	4.84785333511	7.77863885206
670.0	81.0	4.77566380251	7.4091934821
670.0	82.0	4.59255915714	10.6182131491
670.0	83.0	6.98049629095	11.670464206
670.0	84.0	2.04866737709	13.3685286809
670.0	86.0	0.936569737834	13.0539750649
670.0	87.0	5.41000564292	2.81356037882
670.0	88.0	5.40095564321	1.85247736538
670.0	90.0	10.8578950056	11.1263198626
670.0	91.0	7.05310675377	9.54066415334
670.0	92.0	3.13235222656	6.2454882987
670.0	153.0	6.74014513576	0.79951032904
670.0	154.0	6.17336259554	1.15511343061
670.0	155.0	14.1346262973	1.06871858312
670.0	242.0	11.3470159204	10.9392105797
670.0	243.0	12.7813356424	11.0191616126
670.0	244.0	10.359513626	10.8217899582
670.0	245.0	3.90412778355	3.31737121602
670.0	246.0	3.99883708289	2.84888202918
670.0	247.0	12.0329217126	6.42639242688
670.0	248.0	11.8113019522	6.79106460085
670.0	249.0	12.3332554241	6.64214088583
670.0	250.0	12.5140449532	6.01422695278
670.0	252.0	10.9231391896	3.0787114163
670.0	253.0	12.7059891332	4.32308361201
670.0	348.0	4.37704288488	8.93470692187
670.0	350.0	10.854948494	7.88006926694
670.0	397.0	11.1512833684	7.36384812016
670.0	398.0	3.74691034666	11.8150920446
670.0	399.0	3.26473478051	13.0776023851
680.0	18.0	14.813586741	7.54522956794
680.0	26.0	2.63144526565	4.11712020486
680.0	27.0	2.88568711808	3.93502277768
680.0	28.0	2.8753743277	3.52619854077
680.0	29.0	13.7791507272	7.79057184205
680.0	30.0	13.82292747	8.05596153933
680.0	33.0	11.7332193965	3.70901194735
680.0	34.0	12.1206856633	3.62595833705
680.0	55.0	7.06173582327	12.1308389596
680.0	56.0	3.19906966631	5.39371147352
680.0	60.0	11.2935577825	3.32691760801
680.0	61.0	10.6385903614	3.32142843261
680.0	70.0	4.95098123883	5.50874549699
680.0	75.0	6.84201024882	11.158061616
680.0	76.0	6.32195096293	11.2170105865
680.0	77.0	4.73504403636	6.48820531501
680.0	79.0	0.667595327732	4.8309516658
680.0	80.0	4.85564054417	7.80298215163
680.0	81.0	4.67127310814	7.42422904949
680.0	82.0	4.48964171853	10.7604543897
680.0	83.0	7.05058117246	11.7897941058
680.0	84.0	1.99310458815	13.5260441488
680.0	86.0	0.622766259382	13.2391750695
680.0	87.0	5.02338123654	2.73623460371
680.0	88.0	5.00843821376	1.78231138426
680.0	90.0	10.9044077948	11.1170121305
680.0	91.0	7.31471488504	9.6635739502
680.0	92.0	3.11256850625	6.45717954105
680.0	153.0	6.87400094548	0.796885071243
680.0	154.0	6.18178119992	1.10738147067
680.0	155.0	14.0489669977	1.49305570701
680.0	156.0	14.1011623449	0.190927839771
680.0	242.0	11.7008077696	10.8960131559
680.0	243.0	12.9715961016	11.0022167668
680.0	244.0	10.5076810632	10.8396894432
680.0	245.0	3.42005803141	3.09470162288
680.0	246.0	3.52529058623	2.61785934306
680.0	247.0	11.841608928	6.46433933504
680.0	248.0	11.5166507987	6.70753367095
680.0	249.0	12.1227903144	6.68700892817
680.0	250.0	12.3492507724	6.01422695278
680.0	252.0	10.5421973411	2.63552016824
680.0	253.0	12.5028903024	4.19349134077
680.0	348.0	4.2857010273	8.64020072903
680.0	349.0	7.5325462735	13.319603422
680.0	350.0	10.8597891916	7.85333936937
680.0	397.0	11.2531484815	7.44857234906
680.0	398.0	3.68313941845	11.9091240057
680.0	399.0	3.27778361731	13.0725905293
690.0	18.0	14.967226271	7.49033781401
690.0	26.0	2.53526271055	4.06270577052
690.0	27.0	2.89115921093	3.92762432388
690.0	28.0	2.73078479739	3.4963660658
690.0	29.0	13.7829390992	7.80441411043
690.0	30.0	13.811351889	8.07004246751
690.0	33.0	11.8980135774	3.34768101058
690.0	34.0	12.294740309	3.28037894706
690.0	55.0	7.06847070677	12.2255869001
690.0	56.0	3.08583943733	5.39371147352
690.0	60.0	11.4703484746	2.93551553648
690.0	61.0	10.8214845416	2.85460986437
690.0	70.0	4.59803124999	5.24216250071
690.0	75.0	6.86979164329	11.2282275971
690.0	76.0	6.3802497983	11.2170105865
690.0	77.0	4.64264985323	6.57388418311
690.0	79.0	0.422824405238	4.76985475707
690.0	80.0	4.86342775323	7.827564111
690.0	81.0	4.66011845733	7.44451513246
690.0	82.0	4.38672427992	10.9026956303
690.0	83.0	7.12066605396	11.9091240057
690.0	84.0	1.93754179921	13.6837982764
690.0	86.0	0.32622091992	13.4126807439
690.0	87.0	4.59466380823	2.67155779799
690.0	88.0	4.62139287716	1.68995004177
690.0	90.0	11.0214263958	11.0950554289
690.0	91.0	7.5260218551	9.78505178825
690.0	92.0	3.05405920578	6.66910944319
690.0	153.0	6.83317071421	0.723855172531
690.0	154.0	6.02982539077	1.0023711588
690.0	155.0	13.963097233	1.9171541711
690.0	156.0	13.9717263025	0.604047953075
690.0	242.0	11.9956693882	10.8962518157
690.0	243.0	13.1620670258	10.985271921
690.0	244.0	10.6558485003	10.8573502684
690.0	245.0	2.90652316393	2.89852326752
690.0	246.0	3.05174408957	2.38659799713
690.0	247.0	11.6502961433	6.50228624319
690.0	248.0	11.2154752268	6.6638589276
690.0	249.0	11.9123252048	6.73163831072
690.0	250.0	12.1842461264	6.01422695278
690.0	252.0	10.1614659578	2.19232892017
690.0	253.0	12.0943775246	4.12308669985
690.0	348.0	4.19456963484	8.34593319598
690.0	349.0	7.64809161868	13.188579192
690.0	350.0	10.864419424	7.826370812
690.0	397.0	11.3550135945	7.53329657796
690.0	398.0	3.63325918747	12.0723673087
690.0	399.0	3.2908324541	13.0678173333
700.0	18.0	15.1210762662	7.43520740027
700.0	26.0	2.52747550149	4.06628566752
700.0	27.0	2.89663130378	3.92022587009
700.0	28.0	2.58598480197	3.46653359084
700.0	29.0	13.7867274711	7.81801771901
700.0	30.0	13.7997763079	8.08412339569
700.0	33.0	12.0630182233	2.98658873361
700.0	34.0	12.4408030951	2.93885677367
700.0	55.0	7.06068349772	12.300764737
700.0	56.0	3.04921850825	5.39084755593
700.0	60.0	11.6418775389	2.51117841258
700.0	61.0	10.998906629	2.38946191473
700.0	70.0	4.24529172626	4.97534084463
700.0	75.0	6.89778350287	11.2983935782
700.0	76.0	6.43833816855	11.2170105865
700.0	77.0	4.55551729784	6.68080377338
700.0	79.0	0.178263947853	4.70875784835
700.0	80.0	4.87142542739	7.85214607037
700.0	81.0	4.64896380652	7.46456255564
700.0	82.0	4.30758939871	11.035390479
700.0	83.0	7.14971023909	12.0050652452
700.0	86.0	0.0296755804572	13.5861864183
700.0	87.0	4.15584405467	2.61022222947
700.0	88.0	4.23434754056	1.59758869928
700.0	90.0	11.1382345316	11.0728600675
700.0	91.0	7.66219278103	9.90438168811
700.0	92.0	2.9955499053	6.88127800514
700.0	153.0	6.79213001784	0.651063933618
700.0	154.0	5.50366261671	0.763711359083
700.0	155.0	13.9336321176	2.32383046981
700.0	156.0	13.842079795	1.01716806638
700.0	242.0	12.2650647285	10.9153445997
700.0	243.0	13.3121286489	11.0203549116
700.0	244.0	10.7779182639	10.8766817121
700.0	245.0	2.36331271599	2.72907480972
700.0	246.0	2.52200340864	2.23839026151
700.0	247.0	11.4587728936	6.54047181115
700.0	248.0	10.9113531434	6.63736768983
700.0	249.0	11.6589252128	6.79392851844
700.0	250.0	11.9935647371	6.03355839656
700.0	252.0	9.6578229505	1.95104386266
700.0	253.0	11.6528217246	4.05459133733
700.0	348.0	4.00409871063	8.07266772531
700.0	349.0	7.76342649876	13.0577936217
700.0	350.0	10.8692601215	7.79964091444
700.0	397.0	11.3585915014	7.52565946436
700.0	398.0	3.58337895648	12.2356106117
700.0	399.0	3.3038812909	13.0628054775
710.0	26.0	2.5297906177	4.07630937911
710.0	27.0	2.90231386174	3.9128274163
710.0	28.0	2.44139527166	3.43670111587
710.0	29.0	13.7905158431	7.8318599874
710.0	30.0	13.7882007269	8.09820432388
710.0	33.0	12.2280228692	2.62525779685
710.0	34.0	12.5834984394	2.59805057968
710.0	55.0	7.05289628866	12.3759425739
710.0	56.0	3.04543013628	5.38655167953
710.0	60.0	11.8134066033	2.08684128869
710.0	61.0	11.1251856948	1.94078149127
710.0	70.0	3.83804173913	4.8278490884
710.0	75.0	6.95692419867	11.3790605905
710.0	76.0	6.49663700392	11.2170105865
710.0	77.0	4.46838474246	6.78772336365
710.0	79.0	-0.0665069746417	4.64766093962
710.0	80.0	4.87921263645	7.87672802974
710.0	81.0	4.63801962082	7.48460997881
710.0	82.0	4.28422777154	11.1458899662
710.0	83.0	7.16844163385	12.0952786495
710.0	87.0	3.71681383599	2.54888666094
710.0	88.0	3.85466848279	1.47778147983
710.0	90.0	11.2552531326	11.0509033659
710.0	91.0	7.79836370695	10.023711588
710.0	92.0	2.93725106993	7.09344656708
710.0	153.0	6.75129978657	0.578034034906
710.0	154.0	4.71041961853	0.493787125607
710.0	155.0	13.988142581	2.70401553075
710.0	156.0	13.767364681	1.42861756108
710.0	242.0	12.5296193713	10.9337214043
710.0	243.0	13.4354612032	11.0900435731
710.0	244.0	10.8972519811	10.8964904755
710.0	245.0	1.82010226804	2.55986501173
710.0	246.0	1.99226272772	2.09042118569
710.0	247.0	11.2506229001	6.58701047209
710.0	248.0	10.6074415251	6.61087645206
710.0	249.0	11.3628008036	6.87340223175
710.0	250.0	11.7774170695	6.07222128411
710.0	252.0	9.14028924593	1.73219282632
710.0	253.0	11.1615961588	3.98824391301
710.0	348.0	3.77111383427	7.80847132702
710.0	349.0	7.87876137883	12.9270080515
710.0	350.0	10.8738903539	7.77291101687
710.0	397.0	11.3512252225	7.50799863919
710.0	398.0	3.5334987255	12.3990925745
710.0	399.0	3.3169301277	13.0577936217
720.0	26.0	2.5321057339	4.08633309069
720.0	27.0	2.90778595459	3.90542896251
720.0	28.0	2.41024643543	3.44839544606
720.0	29.0	13.7943042151	7.84570225578
720.0	30.0	13.7766251459	8.11228525206
720.0	33.0	12.4218612352	2.22001345693
720.0	34.0	12.7417682018	2.2508005711
720.0	55.0	7.0451090796	12.4508817511
720.0	56.0	3.04164176431	5.38225580314
720.0	60.0	11.9558914825	1.67753973219
720.0	61.0	11.2514647606	1.49210106781
720.0	70.0	3.39459175315	4.75959238569
720.0	75.0	7.02385210353	11.4621142008
720.0	76.0	6.55493583929	11.2170105865
720.0	77.0	4.39345916343	6.88939243833
720.0	80.0	4.88721031061	7.90130998911
720.0	81.0	4.62686497001	7.50465740199
720.0	82.0	4.26065567926	11.2563894535
720.0	83.0	7.1871730286	12.1854920538
720.0	87.0	3.28136152417	2.47227686523
720.0	88.0	3.48235570386	1.331005703
720.0	90.0	11.3720612684	11.0287080046
720.0	91.0	7.93453463288	10.1430414878
720.0	92.0	2.87916269968	7.27912389126
720.0	153.0	6.56651142032	0.53292733276
720.0	154.0	3.80373592626	0.212645881545
720.0	155.0	14.0426530444	3.0839619319
720.0	156.0	13.774941425	1.83768045779
720.0	242.0	12.7752321543	10.9497116109
720.0	243.0	13.5585832923	11.1599708944
720.0	244.0	11.0165856982	10.9160605791
720.0	245.0	1.28657321514	2.42955676108
720.0	246.0	1.45557669817	1.94078149127
720.0	247.0	11.0165856982	6.64667542202
720.0	248.0	10.3969764155	6.67507593819
720.0	249.0	11.0664659292	6.95287594505
720.0	250.0	11.5612694019	6.11088417166
720.0	252.0	8.55477531095	1.63553560744
720.0	253.0	10.6270147803	3.90542896251
720.0	348.0	3.53812895791	7.54427492874
720.0	349.0	7.95558114384	12.7802322747
720.0	350.0	10.8787310514	7.7459424595
720.0	397.0	11.3438589437	7.49033781401
720.0	398.0	3.45773128604	12.5487322689
720.0	399.0	3.3299789645	13.0530204257
730.0	26.0	2.534210385	4.09635680228
730.0	27.0	2.91346851255	3.89803050872
730.0	28.0	2.37909759921	3.46032843605
730.0	29.0	13.798092587	7.85954452416
730.0	30.0	13.7650495648	8.12636618024
730.0	33.0	12.6154891361	1.81453045722
730.0	34.0	13.037682146	1.84818148898
730.0	55.0	7.03732187055	12.526059588
730.0	56.0	3.03806385744	5.37819858654
730.0	60.0	12.0310275266	1.30236652704
730.0	61.0	11.419205453	1.06203610872
730.0	70.0	2.95093130206	4.69133568297
730.0	75.0	7.09078000839	11.5454064709
730.0	76.0	6.65890560344	11.2969616194
730.0	77.0	4.36715102473	6.96886615163
730.0	80.0	4.89499751967	7.92565328868
730.0	81.0	4.61592078431	7.52470482517
730.0	82.0	4.23729405209	11.3668889408
730.0	83.0	7.20590442336	12.2757054581
730.0	87.0	2.85432781674	2.35986809957
730.0	88.0	3.11004292494	1.18422992618
730.0	90.0	11.4890798693	11.006751303
730.0	91.0	7.93874393507	10.2356414901
730.0	92.0	2.82128479453	7.45811874105
730.0	153.0	6.28596142919	0.506436094992
730.0	154.0	2.90441851283	-0.0477319599427
730.0	155.0	14.1403088553	3.42262018769
730.0	156.0	13.7825181689	2.2467433545
730.0	242.0	13.0208449372	10.9657018174
730.0	243.0	13.6817053814	11.2298982157
730.0	244.0	11.1359194154	10.9358693425
730.0	245.0	0.767566254804	2.35795882117
730.0	246.0	0.857855786834	1.77849282746
730.0	247.0	10.7827589614	6.70634037195
730.0	248.0	10.1865113059	6.73927542431
730.0	249.0	10.8099089606	7.02805378196
730.0	250.0	11.3451217344	6.14978571902
730.0	252.0	7.90128114556	1.66059488641
730.0	253.0	10.0631787516	3.81163566122
730.0	348.0	3.26410338518	7.25883780828
730.0	349.0	8.0157741652	12.6267740234
730.0	350.0	10.8953577951	7.68102699398
730.0	397.0	11.3364926649	7.47243832903
730.0	398.0	3.27715222198	12.6441961888
730.0	399.0	3.34302780129	13.0480085699
740.0	26.0	2.53652550121	4.10638051387
740.0	27.0	2.9189406054	3.89087071473
740.0	28.0	2.34794876298	3.47202276623
740.0	29.0	13.801880959	7.87338679255
740.0	30.0	13.7536844489	8.14044710843
740.0	33.0	12.809327502	1.40928611731
740.0	34.0	13.3335960901	1.44532374706
740.0	55.0	7.02953466149	12.6012374249
740.0	56.0	3.03427548547	5.37390271015
740.0	60.0	12.1061635708	0.927431981686
740.0	61.0	11.6147275398	0.644381459226
740.0	70.0	2.51105922294	4.64503568182
740.0	75.0	7.15770791325	11.6284600812
740.0	76.0	6.77424048352	11.3971987353
740.0	77.0	4.34084288603	7.04833986494
740.0	80.0	4.90278472873	7.95023524805
740.0	81.0	4.6047661335	7.54499090814
740.0	82.0	4.21393242492	11.477388428
740.0	83.0	7.22463581812	12.3656802026
740.0	87.0	2.4270836442	2.2476979937
740.0	88.0	2.73773014601	1.03721548955
740.0	90.0	11.6808135842	10.9943409934
740.0	91.0	7.94316370238	10.3282414924
740.0	92.0	2.76340688938	7.63711359083
740.0	153.0	6.00520097295	0.479944857224
740.0	155.0	14.2564855958	3.74361761831
740.0	156.0	13.8359763068	2.65676089041
740.0	242.0	13.266247255	10.9814533642
740.0	243.0	13.8050379357	11.2995868772
740.0	244.0	11.2552531326	10.955439446
740.0	245.0	0.248348829358	2.28636088125
740.0	246.0	0.260134875497	1.61620416366
740.0	247.0	10.5489322247	6.76600532188
740.0	248.0	9.96931131274	6.831398107
740.0	249.0	10.5632438521	7.10227697967
740.0	250.0	11.0950891841	6.20109757595
740.0	252.0	7.25557418923	1.67061859799
740.0	253.0	9.49955318806	3.71808101974
740.0	348.0	2.98544758004	6.97101408983
740.0	349.0	8.07575672144	12.4733157722
740.0	350.0	10.9237705849	7.5776873007
740.0	397.0	11.329126386	7.45477750385
740.0	398.0	3.09678362303	12.7396601087
740.0	399.0	3.35586617298	13.0432353739
750.0	26.0	2.5386301523	4.11640422546
750.0	27.0	2.92462316336	3.88347226094
750.0	28.0	2.31658946165	3.48395575622
750.0	29.0	13.805669331	7.88699040113
750.0	30.0	13.7421088679	8.15452803661
750.0	33.0	13.003165868	1.00380311759
750.0	34.0	13.6295100342	1.04270466495
750.0	56.0	3.03069757861	5.36984549355
750.0	60.0	12.2395984503	0.560850529327
750.0	61.0	11.8100391615	0.226726809728
750.0	70.0	2.07223946937	4.60398619627
750.0	75.0	7.22463581812	11.7117523513
750.0	76.0	6.88957536359	11.4971971914
750.0	77.0	4.31453474732	7.12805223804
750.0	80.0	4.91078240289	7.97481720742
750.0	81.0	4.59361148269	7.56503833132
750.0	82.0	4.19057079775	11.5878879153
750.0	87.0	2.00004993677	2.13528922804
750.0	88.0	2.31090690369	0.978505178825
750.0	90.0	11.8912786938	10.9843172818
750.0	91.0	7.94737300457	10.4206028349
750.0	92.0	2.70552898424	7.81610844062
750.0	153.0	5.96352888124	0.496651043204
750.0	155.0	14.3726623363	4.06461504892
750.0	156.0	13.9201623506	3.06725574592
750.0	244.0	11.3745868497	10.9752482094
750.0	245.0	-0.270868596088	2.21476294134
750.0	247.0	10.3233136271	6.87340223175
750.0	248.0	9.74200899435	6.96504759484
750.0	249.0	10.3163682785	7.17626151758
750.0	250.0	10.8366380295	6.25551201029
750.0	252.0	6.61491839553	1.67061859799
750.0	253.0	8.90961948578	3.63550472903
750.0	348.0	2.70700224	6.68319037138
750.0	349.0	8.07596718655	12.2768987571
750.0	350.0	10.9521833747	7.47458626723
750.0	397.0	11.3217601072	7.43711667867
750.0	398.0	2.91641502408	12.8351240286
750.0	399.0	3.36891500978	13.0382235181
760.0	26.0	2.54094526851	4.12666659685
760.0	27.0	2.93009525621	3.87607380715
760.0	28.0	2.28544062542	3.4956500864
760.0	29.0	13.809457703	7.90083266951
760.0	30.0	13.7305332869	8.16860896479
760.0	33.0	13.1967937688	0.598558777681
760.0	34.0	13.9359472339	0.622424757653
760.0	56.0	3.02690920663	5.36554961716
760.0	60.0	12.4309112349	0.202860829756
760.0	70.0	1.63320925069	4.56317537052
760.0	75.0	7.29156372298	11.7948059616
760.0	76.0	6.96029164043	11.5718977087
760.0	77.0	4.28822660862	7.20752595135
760.0	80.0	4.91856961195	7.9993991668
760.0	81.0	4.58266729699	7.58508575449
760.0	82.0	4.1040696377	11.6902729694
760.0	87.0	1.62857901828	2.0799201545
760.0	88.0	1.84788366251	0.978505178825
760.0	90.0	12.0318693871	10.9783507868
760.0	91.0	7.95179277187	10.5132028372
760.0	92.0	2.55209991932	7.9122883399
760.0	93.0	0.15195580915	2.67466037539
760.0	153.0	5.94837539335	0.518130425178
760.0	155.0	14.4446414038	4.36890629355
760.0	156.0	14.0037169992	3.46939750843
760.0	244.0	11.4939205669	10.994818313
760.0	247.0	10.0997996807	6.9927321316
760.0	248.0	9.51470667595	7.09869708268
760.0	249.0	10.0313985201	7.29105688125
760.0	250.0	10.5779764098	6.31016510442
760.0	252.0	5.96794864854	1.68111962918
760.0	253.0	8.31337183021	3.55603101573
760.0	348.0	2.39025225002	6.37221665235
760.0	349.0	8.06944276815	12.0754698861
760.0	350.0	10.9805961645	7.37124657395
760.0	397.0	11.3143938284	7.41945585349
760.0	398.0	2.74972665726	12.9570791862
760.0	399.0	3.38196384657	13.0332116624
770.0	26.0	2.54304991961	4.13669030843
770.0	27.0	2.93556734906	3.86867535336
770.0	28.0	2.2542917892	3.50734441659
770.0	29.0	13.8132460749	7.9146749379
770.0	30.0	13.7189577058	8.18268989298
770.0	33.0	13.3906321348	0.193314437768
770.0	34.0	14.2436472241	0.19999691216
770.0	56.0	3.02312083466	5.36125374076
770.0	60.0	12.6222240196	-0.155128869814
770.0	70.0	1.20154531085	4.50852227639
770.0	75.0	7.37175092974	11.8695064789
770.0	76.0	7.01185559228	11.6353812154
770.0	77.0	4.26191846992	7.28699966465
770.0	80.0	4.93540682072	8.06073473532
770.0	81.0	4.57151264618	7.60513317767
770.0	82.0	4.01062312902	11.791942044
770.0	87.0	1.26342205308	2.03075623576
770.0	88.0	1.38486042134	0.978505178825
770.0	90.0	12.0674379906	10.9783507868
770.0	91.0	7.95600207406	10.6058028395
770.0	92.0	2.37488829701	7.98746617681
770.0	93.0	0.619609282738	2.69232120057
770.0	94.0	-0.0915523226871	3.45030472446
770.0	153.0	5.93322190545	0.539609807152
770.0	155.0	14.5058867507	4.66937898139
770.0	156.0	14.0807472293	3.79540679484
770.0	244.0	11.613254284	11.0146270764
770.0	247.0	9.87607526918	7.11206203146
770.0	248.0	9.28677296223	7.26432698368
770.0	249.0	9.74200899435	7.4103867811
770.0	250.0	10.3161578134	6.38629758053
770.0	252.0	5.30519401833	1.71667993934
770.0	253.0	7.73017301144	3.46748823004
770.0	348.0	2.03540807519	6.03809293275
770.0	349.0	8.06270788464	11.8740410151
770.0	350.0	11.0873019751	7.25788316909
770.0	397.0	11.3070275495	7.40179502831
770.0	398.0	2.58872084839	13.0904900143
770.0	399.0	3.39501268337	13.0284384664
780.0	26.0	2.54536503581	4.14671402002
780.0	27.0	2.94124990702	3.86127689956
780.0	28.0	2.22314295297	3.51927740657
780.0	29.0	13.8170344469	7.92851720628
780.0	30.0	13.7073821248	8.19700948096
780.0	34.0	14.5511367493	-0.222192273533
780.0	56.0	3.0195429278	5.35719652417
780.0	70.0	0.78692904489	4.42165010929
780.0	75.0	7.50392301859	11.9105559645
780.0	76.0	7.06320907903	11.699103382
780.0	77.0	4.23561033121	7.36671203776
780.0	80.0	4.98802309813	8.26956206007
780.0	81.0	4.58813938984	7.74045328411
780.0	82.0	3.91696615524	11.8936111187
780.0	87.0	0.898265087882	1.98159231702
780.0	88.0	0.933623226299	0.978505178825
780.0	90.0	12.1030065941	10.9783507868
780.0	92.0	2.19767667471	8.06288267352
780.0	93.0	1.08747322144	2.71022068555
780.0	94.0	0.347688361101	3.59540988268
780.0	95.0	0.147325576738	4.05960319313
780.0	153.0	5.91806841756	0.561089189126
780.0	155.0	14.5669216325	4.96961300943
780.0	156.0	14.1579879245	4.12165474105
780.0	244.0	11.7325880012	11.03419718
780.0	247.0	9.62372760274	7.22900533332
780.0	248.0	9.0588392485	7.43329812188
780.0	249.0	9.46861481694	7.54952544434
780.0	250.0	10.0463415429	6.51326459398
780.0	252.0	4.64264985323	1.7520015897
780.0	253.0	7.16633698275	3.36510317596
780.0	348.0	1.68077436547	5.70396921315
780.0	349.0	8.09027881401	11.6912276086
780.0	350.0	11.2135810408	7.14213316622
780.0	397.0	11.2996612707	7.38389554333
780.0	398.0	2.42771503953	13.2239008423
780.0	399.0	3.40806152017	13.0234266106
790.0	26.0	2.54746968691	4.15673773161
790.0	27.0	2.94672199987	3.85387844577
790.0	28.0	2.19199411675	3.53097173676
790.0	29.0	13.8208228189	7.94212081486
790.0	30.0	13.6958065438	8.21109040914
790.0	56.0	3.01575455582	5.35290064777
790.0	70.0	0.372523244037	4.335016602
790.0	75.0	7.63630557254	11.9513667903
790.0	76.0	7.11456256578	11.7628255485
790.0	77.0	4.20930219251	7.44618575106
790.0	80.0	5.04063937553	8.47838938482
790.0	81.0	4.62328706314	7.95262184605
790.0	82.0	3.82351964657	11.9952801934
790.0	87.0	0.505116263101	1.96369283204
790.0	88.0	0.490173240318	0.978505178825
790.0	90.0	12.1385751977	10.9783507868
790.0	92.0	2.02046505241	8.13829917023
790.0	93.0	1.57848832219	2.65604491101
790.0	94.0	0.78692904489	3.74075370071
790.0	95.0	0.287705804858	4.05172741974
790.0	153.0	5.90291492967	0.582568571101
790.0	155.0	14.5557669817	5.29347435764
790.0	156.0	14.2238635038	4.44718670786
790.0	244.0	11.8750728804	11.0518580051
790.0	247.0	9.35201714621	7.34451667638
790.0	248.0	8.8094380936	7.59868936308
790.0	249.0	9.21142645298	7.70871153074
790.0	250.0	9.77673573743	6.63999294763
790.0	252.0	3.97863243236	1.72598767153
790.0	253.0	6.60250095406	3.26271812188
790.0	348.0	1.32593019064	5.36984549355
790.0	349.0	8.13237183593	11.5160513156
790.0	350.0	11.3398601066	7.02614450356
790.0	351.0	2.84927665411	9.1595244532
790.0	352.0	2.10549295669	9.43326724347
790.0	397.0	11.2922949918	7.36623471816
790.0	398.0	2.267340626	13.3403668246
790.0	399.0	3.42111035696	13.0184147548
800.0	26.0	2.54978480311	4.1667614432
800.0	27.0	2.95240455783	3.84671865178
800.0	28.0	2.21956504611	3.53980214935
800.0	29.0	13.8246111909	7.95596308325
800.0	30.0	13.6842309627	8.22517133732
800.0	56.0	3.01217664896	5.34884343118
800.0	70.0	-0.0420930219251	4.2481444349
800.0	75.0	7.76847766139	11.9924162758
800.0	76.0	7.18191140086	11.8136600858
800.0	77.0	4.20930219251	7.73257751072
800.0	80.0	5.09599169936	8.75571207209
800.0	81.0	4.659487062	8.23591102831
800.0	82.0	3.72986267278	12.0969492681
800.0	87.0	0.0841860438502	1.97681912103
800.0	88.0	0.0465127892272	0.978505178825
800.0	90.0	12.1741438012	10.9783507868
800.0	93.0	2.10465109626	2.49399490701
800.0	94.0	1.20554414794	3.93120422088
800.0	95.0	0.427875567869	4.04361298654
800.0	153.0	5.88776144177	0.604286612874
800.0	155.0	14.5136739598	5.62759807724
800.0	156.0	14.187663505	4.76770681888
800.0	244.0	12.1097414776	11.0609270775
800.0	247.0	9.08051715479	7.46002801944
800.0	248.0	8.53877996262	7.76073936708
800.0	249.0	8.95402762391	7.86789761715
800.0	250.0	9.50565667624	6.76743728067
800.0	252.0	3.31356268594	1.65916292761
800.0	253.0	6.05908004101	3.13169389184
800.0	348.0	1.01907206081	5.13118569384
800.0	349.0	8.17446485786	11.3411136824
800.0	350.0	11.4493019636	6.89726821172
800.0	351.0	3.22685106078	8.98410950041
800.0	352.0	2.51863596689	9.37145435535
800.0	397.0	11.284928713	7.34857389298
800.0	398.0	2.10801853801	13.4179312595
800.0	399.0	3.43394872865	13.0136415588
810.0	26.0	2.55188945421	4.17678515479
810.0	27.0	2.95787665068	3.83932019799
810.0	28.0	2.25366039387	3.54839390214
810.0	29.0	13.8283995628	7.96980535163
810.0	30.0	13.6728658468	8.23925226551
810.0	56.0	3.00838827699	5.34454755478
810.0	75.0	7.81520091572	12.0437281327
810.0	76.0	7.31282069905	11.8136600858
810.0	77.0	4.20930219251	8.01896927037
810.0	80.0	5.15218588363	9.04997960513
810.0	81.0	4.69610799107	8.53686103575
810.0	82.0	3.6427301174	12.1866853528
810.0	90.0	12.2097124047	10.9783507868
810.0	93.0	2.63081387032	2.331944903
810.0	94.0	1.57596274088	4.22714237252
810.0	95.0	0.568255795989	4.03573721315
810.0	153.0	5.87260795388	0.625765994849
810.0	155.0	14.4909437279	5.93379860028
810.0	156.0	14.1516739712	5.08822692989
810.0	244.0	12.34462054	11.0702348097
810.0	247.0	8.76713460656	7.55143472273
810.0	248.0	8.26833229675	7.92255071129
810.0	249.0	8.68610553936	8.02231050757
810.0	250.0	9.22089738291	6.90084810871
810.0	252.0	2.65628014858	1.5851783897
810.0	253.0	5.52891842986	2.98157687782
810.0	254.0	15.0402576641	5.70062797596
810.0	348.0	0.712003465863	4.89252589413
810.0	349.0	8.27191020361	11.1418327496
810.0	350.0	11.5193868451	6.73808212531
810.0	351.0	3.60442546745	8.80869454762
810.0	352.0	2.93177897708	9.30940280742
810.0	355.0	2.37825573877	13.341082804
810.0	397.0	11.2775624342	7.3309130678
810.0	398.0	1.94869645002	13.4952570346
810.0	399.0	3.44699756545	13.008629703
820.0	26.0	2.55420457042	4.18680886637
820.0	27.0	2.96355920864	3.8319217442
820.0	28.0	2.28775574163	3.55722431473
820.0	29.0	13.8321879348	7.98364762001
820.0	30.0	13.6612902658	8.25333319369
820.0	56.0	3.00459990501	5.34025167839
820.0	75.0	7.82509277588	12.0995745259
820.0	76.0	7.44372999724	11.8136600858
820.0	77.0	4.25981381882	8.31013422602
820.0	80.0	5.2083800679	9.34424713818
820.0	81.0	4.72809868774	8.83733372359
820.0	82.0	3.56170105019	12.2647271073
820.0	90.0	12.2452810082	10.9783507868
820.0	93.0	3.09951966946	2.0784881957
820.0	94.0	1.94638133382	4.52308052417
820.0	95.0	0.817656950895	4.16938670099
820.0	153.0	5.85745446599	0.647245376823
820.0	155.0	14.5454541913	6.12830633704
820.0	156.0	14.1156844375	5.40874704091
820.0	247.0	8.41207996662	7.61849812645
820.0	248.0	8.01030207235	8.04355122974
820.0	249.0	8.41565787349	8.17576875878
820.0	250.0	8.93613808959	7.03425893675
820.0	252.0	2.06866156251	1.44580106666
820.0	253.0	4.99896728383	2.831221204
820.0	254.0	14.8950367384	5.44550065006
820.0	348.0	0.426191846992	4.64789959942
820.0	349.0	8.39313810676	10.9320507857
820.0	350.0	11.5896821917	6.5791346987
820.0	351.0	3.98221033922	8.63327959483
820.0	352.0	3.32724291807	9.22754249612
820.0	355.0	2.36983713438	13.0737838283
820.0	356.0	2.71436851884	13.0785570243
820.0	397.0	11.2701961553	7.31301358282
820.0	398.0	1.78958482715	13.5725828097
820.0	399.0	3.46004640224	13.003856507
830.0	26.0	2.55630922151	4.19683257796
830.0	27.0	2.96903130149	3.82452329041
830.0	28.0	2.32185108939	3.56581606752
830.0	29.0	13.8359763068	7.9972512286
830.0	30.0	13.6497146848	8.26741412187
830.0	56.0	3.00102199815	5.33619446179
830.0	75.0	7.83498463603	12.1556595788
830.0	76.0	7.57442883031	11.8136600858
830.0	77.0	4.36083707144	8.60607237767
830.0	80.0	5.16502425532	9.61106879426
830.0	81.0	4.75524868688	9.13756775163
830.0	82.0	3.48067198299	12.3427688618
830.0	90.0	12.2808496118	10.9783507868
830.0	93.0	3.53013128375	1.76393457968
830.0	94.0	2.28607202075	4.85386300657
830.0	95.0	1.11399182525	4.36389443776
830.0	153.0	5.8423009781	0.668724758797
830.0	155.0	14.5999646547	6.32281407381
830.0	156.0	14.1403088553	5.71972075993
830.0	247.0	8.05681486157	7.68556153017
830.0	248.0	7.7577439408	8.14712958282
830.0	249.0	8.14499974251	8.32922701
830.0	250.0	8.65137879627	7.16743110499
830.0	252.0	1.48104297643	1.30666240343
830.0	253.0	4.41555799994	2.69590109756
830.0	254.0	14.7500262779	5.19037332417
830.0	348.0	0.154270925356	4.39921608812
830.0	349.0	8.5143660099	10.7222688217
830.0	350.0	11.6597670733	6.41994861229
830.0	351.0	4.24444986582	8.45643268325
830.0	352.0	3.65262197755	9.06477651272
830.0	353.0	4.21708940157	8.02445844577
830.0	355.0	2.36141853	12.8064848526
830.0	356.0	2.76572200559	12.8398972246
830.0	357.0	2.84885572389	13.3258085768
830.0	397.0	11.2628298765	7.29535275764
830.0	398.0	1.59953483315	13.6394075536
830.0	399.0	3.47309523904	12.9988446512
840.0	26.0	2.55862433772	4.20685628955
840.0	27.0	2.97450339434	3.81712483662
840.0	28.0	2.35615690226	3.57440782031
840.0	29.0	13.8397646788	8.01109349698
840.0	30.0	13.6381391037	8.28149505006
840.0	56.0	2.99723362618	5.3318985854
840.0	75.0	7.84466603107	12.2115059719
840.0	76.0	7.6571416184	11.8282183336
840.0	77.0	4.46186032406	8.90201052931
840.0	80.0	5.09704402491	9.87073065635
840.0	81.0	4.78239868602	9.43780177967
840.0	82.0	3.39985338089	12.4208106163
840.0	93.0	3.91991266678	1.3364948784
840.0	94.0	2.61776503352	5.19371456136
840.0	95.0	1.41011623449	4.55840217453
840.0	153.0	5.82693702509	0.690204140771
840.0	155.0	14.6932006983	6.47961356222
840.0	156.0	14.2057635044	6.02401200457
840.0	157.0	2.754988285	0.205247427754
840.0	247.0	7.70028696587	7.76956977967
840.0	248.0	7.50518580925	8.25046927609
840.0	249.0	7.85981951897	8.49079969441
840.0	250.0	8.38492996748	7.31253626322
840.0	252.0	0.855961600847	1.22504075193
840.0	253.0	3.82625569299	2.56225160972
840.0	254.0	14.5726041905	4.94503105006
840.0	255.0	14.9238704584	5.97270014763
840.0	348.0	-0.117439531171	4.15077123662
840.0	349.0	8.62275554136	10.503895105
840.0	350.0	11.6618717244	6.30372128983
840.0	351.0	4.49385102072	8.27982443146
840.0	352.0	3.97779057192	8.90201052931
840.0	353.0	4.50458474132	7.84164503918
840.0	354.0	2.78866270254	9.43302858367
840.0	355.0	2.40982550521	12.5449137121
840.0	356.0	2.81686502723	12.6012374249
840.0	357.0	2.78108595859	13.1296302214
840.0	397.0	11.2554635977	7.27769193246
840.0	398.0	1.38906972353	13.6990725036
840.0	399.0	3.48614407584	12.9938327954
850.0	26.0	2.56072898881	4.21688000114
850.0	27.0	2.9801859523	3.80972638283
850.0	28.0	2.39025225002	3.5829995731
850.0	29.0	13.8437635158	8.02493576536
850.0	30.0	13.795987936	8.28746154505
850.0	56.0	2.99365571931	5.3278413688
850.0	75.0	7.85455789122	12.2675910249
850.0	76.0	7.69144743126	11.857573489
850.0	77.0	4.45344171968	9.18840228897
850.0	80.0	5.02885332939	10.1303925184
850.0	81.0	4.7775579885	9.71870436393
850.0	82.0	3.31882431368	12.4988523708
850.0	93.0	4.24865916801	0.739845379112
850.0	94.0	2.96355920864	5.50397230099
850.0	95.0	1.68287901657	4.77940114906
850.0	153.0	5.8117835372	0.711683522746
850.0	155.0	14.8247413918	6.59894346208
850.0	156.0	14.2710076884	6.328541909
850.0	157.0	2.21830225545	0.396175267524
850.0	247.0	7.34039162841	7.89271823632
850.0	248.0	7.26251953785	8.38722134133
850.0	249.0	7.57463929542	8.65261103861
850.0	250.0	8.12626834775	7.46265327724
850.0	252.0	0.214463946708	1.1682397196
850.0	253.0	3.23947896736	2.40497480171
850.0	254.0	14.3200460589	4.72236145693
850.0	255.0	14.6327972118	5.93761715707
850.0	349.0	8.71199274784	10.2723950993
850.0	350.0	11.6349321903	6.20587077195
850.0	351.0	4.77608473273	8.09701102488
850.0	352.0	4.34610451377	8.72301567953
850.0	353.0	4.79229054617	7.6585929728
850.0	354.0	3.15697664438	9.28386620885
850.0	355.0	2.51505806003	12.2893090666
850.0	356.0	2.86800804887	12.3625776252
850.0	357.0	2.7135266584	12.9336905259
850.0	397.0	11.2483077839	7.26003110728
850.0	398.0	1.1786046139	13.7587374535
850.0	399.0	3.49919291263	12.9890595994
860.0	26.0	2.56304410502	4.22714237252
860.0	27.0	2.98565804515	3.80256658883
860.0	28.0	2.42434759778	3.59159132589
860.0	29.0	13.8475518878	8.03877803375
860.0	30.0	13.9538367682	8.29342804004
860.0	56.0	2.98986734734	5.32354549241
860.0	75.0	7.86444975138	12.323437418
860.0	76.0	7.72575324413	11.8866899845
860.0	77.0	4.44502311529	9.47479404862
860.0	80.0	4.9328812394	10.3783600503
860.0	81.0	4.72494171109	9.97072911243
860.0	82.0	3.25505338547	12.5718822695
860.0	93.0	4.4408138131	0.17493763319
860.0	94.0	3.36449524247	5.69704807896
860.0	95.0	1.95585226375	5.0004001236
860.0	96.0	0.0991290666336	3.04076450815
860.0	153.0	5.7505381903	0.712399502145
860.0	155.0	14.9562820853	6.71827336193
860.0	156.0	14.3530890811	6.4958424286
860.0	157.0	1.68035343525	0.59927475708
860.0	247.0	6.98070675606	8.01586669298
860.0	248.0	7.02385210353	8.53853165435
860.0	249.0	7.28945907188	8.81418372302
860.0	250.0	7.86781719313	7.61253163146
860.0	253.0	2.6567010788	2.21213768354
860.0	254.0	14.0674879274	4.499453204
860.0	255.0	14.3419344303	5.90253416651
860.0	349.0	8.80122995432	10.0411337533
860.0	350.0	11.6079926563	6.10778159427
860.0	351.0	5.19006960337	7.89009297853
860.0	352.0	4.71441845561	8.54402082974
860.0	353.0	5.07599751395	7.48532595821
860.0	354.0	3.52529058623	9.13470383403
860.0	355.0	2.62029061484	12.0334657614
860.0	356.0	3.0020743237	12.1611487542
860.0	357.0	2.70552898424	12.7451492841
860.0	397.0	11.2409415051	7.2421316223
860.0	398.0	0.968139504277	13.8184024034
860.0	399.0	3.51224174943	12.9840477436
870.0	26.0	2.56514875612	4.23716608411
870.0	27.0	2.99134060311	3.79516813504
870.0	28.0	2.45844294554	3.60018307868
870.0	29.0	13.9005890954	8.09199916908
870.0	30.0	14.1116856004	8.29939453504
870.0	56.0	2.98607897537	5.31924961601
870.0	75.0	7.8452974264	12.4217652555
870.0	76.0	7.760059057	11.9160451399
870.0	77.0	4.41282195352	9.72538683832
870.0	80.0	4.7950265926	10.6089054169
870.0	81.0	4.67232543369	10.2225152011
870.0	82.0	3.23127082808	12.6334564978
870.0	94.0	3.75722313703	5.89227179513
870.0	95.0	2.20293830245	5.13381095164
870.0	96.0	0.581936028115	2.94243667067
870.0	97.0	0.136170925928	2.53241913476
870.0	153.0	5.67771726237	0.70762630615
870.0	155.0	15.0878227788	6.83760326179
870.0	156.0	14.4423262876	6.60443263747
870.0	157.0	1.13756391753	0.850344866379
870.0	247.0	6.62901955788	8.14832288182
870.0	248.0	6.78539513433	8.68960330757
870.0	249.0	7.0493183818	8.97575640742
870.0	250.0	7.6112602245	7.76885380027
870.0	253.0	2.07392319025	2.01953922518
870.0	254.0	13.7736786343	4.30160423004
870.0	255.0	14.0464414164	5.87007643375
870.0	349.0	8.8904671608	9.81034972702
870.0	350.0	11.5810531223	6.00993107638
870.0	351.0	5.604054474	7.68317493218
870.0	352.0	5.0924137925	8.33543216479
870.0	353.0	5.32476727353	7.39845379112
870.0	354.0	3.87824057507	8.95618630385
870.0	355.0	2.77393014486	11.8661652418
870.0	356.0	3.17149873695	11.97547143
870.0	357.0	2.78697898166	12.5680637127
870.0	397.0	11.2335752263	7.22447079713
870.0	399.0	3.54381151587	12.9243827937
880.0	26.0	2.56746387232	4.2471897957
880.0	27.0	2.99681269596	3.78776968125
880.0	28.0	2.4925382933	3.60877483147
880.0	29.0	13.9748832791	8.1621651502
880.0	30.0	14.2695344326	8.30536103003
880.0	56.0	2.9825010685	5.31519239942
880.0	75.0	7.75816487102	12.6193755696
880.0	76.0	7.79457533498	11.9451616355
880.0	77.0	4.35662776925	9.94018065807
880.0	80.0	4.65717194579	10.8392121236
880.0	81.0	4.61970915628	10.4745399496
880.0	82.0	3.20748827069	12.695269386
880.0	94.0	4.07670917345	6.10444035707
880.0	95.0	2.39004178491	5.06316765092
880.0	96.0	1.06958368712	2.86606553476
880.0	97.0	0.656861607141	2.55747841373
880.0	153.0	5.60489633444	0.703091769956
880.0	156.0	14.5315634941	6.71278418654
880.0	157.0	0.604245329735	1.09783507868
880.0	158.0	14.9577553411	1.17349023519
880.0	159.0	14.454533264	0.106919590272
880.0	160.0	14.8883018549	0.404767020314
880.0	247.0	6.30995445168	8.31777133961
880.0	248.0	6.56146025769	8.86167702316
880.0	249.0	6.81401838924	9.13709043203
880.0	250.0	7.36249046492	7.94951926866
880.0	253.0	1.53639530027	1.94913458426
880.0	254.0	13.3836867862	4.161033608
880.0	255.0	13.709697241	5.86053004176
880.0	349.0	8.97802064641	9.58481621629
880.0	350.0	11.6079926563	6.02329602517
880.0	351.0	5.97889283424	7.50871461858
880.0	352.0	5.47672308268	8.10727339627
880.0	353.0	5.5735370331	7.31158162402
880.0	354.0	4.20782893674	8.73327805091
880.0	355.0	2.94840572074	11.7365729705
880.0	356.0	3.34113361531	11.7897941058
880.0	357.0	2.86842897909	12.3909781413
880.0	397.0	11.2262089474	7.20680997195
880.0	399.0	3.58043244495	12.8508755754
890.0	26.0	2.77729758662	4.32475423061
890.0	27.0	3.00249525392	3.78037122746
890.0	28.0	2.52663364105	3.61736658426
890.0	29.0	14.0491774628	8.23233113132
890.0	30.0	14.3888681498	8.27743783346
890.0	56.0	2.97871269653	5.31089652302
890.0	75.0	7.67103231563	12.816747224
890.0	76.0	7.838773008	12.0604343187
890.0	77.0	4.30043358498	10.1549744778
890.0	80.0	4.53994287973	11.0499487267
890.0	81.0	4.6091859008	10.6225090254
890.0	82.0	3.18370571331	12.7568436143
890.0	94.0	4.39640567497	6.31660891902
890.0	95.0	2.57693480225	4.99252435021
890.0	96.0	1.5765941362	2.87704388555
890.0	97.0	1.16850228864	2.56511552732
890.0	153.0	5.53207540651	0.698557233761
890.0	156.0	14.6125925613	6.79464449784
890.0	157.0	0.0932360435641	1.3364948784
890.0	158.0	14.6557379088	1.50570467639
890.0	159.0	14.0771693224	0.469205166237
890.0	160.0	14.5094646576	0.75798352389
890.0	247.0	5.99088934549	8.48698113761
890.0	248.0	6.34362886922	9.04281981114
890.0	249.0	6.57892886178	9.29866311644
890.0	250.0	7.11372070534	8.13042339684
890.0	253.0	1.0102325262	1.90927839771
890.0	254.0	12.9936949381	4.02070164577
890.0	255.0	13.3729530656	5.85098364977
890.0	349.0	9.06578459712	9.35952136536
890.0	350.0	11.6484019573	6.06482283032
890.0	351.0	6.19735561803	7.46265327724
890.0	352.0	5.85619167533	7.92350535049
890.0	353.0	5.77789865455	7.23521048811
890.0	354.0	4.53762776353	8.51060845778
890.0	355.0	3.12267083151	11.6069806993
890.0	356.0	3.50382314505	11.6067420395
890.0	357.0	2.96482199929	12.2200977247
890.0	397.0	11.2188426686	7.18914914677
890.0	399.0	3.61684290891	12.7773683571
900.0	26.0	3.01049292808	4.4101944389
900.0	27.0	3.00796734677	3.77297277367
900.0	28.0	2.56093945392	3.62595833705
900.0	29.0	14.1363100182	8.27552855506
900.0	30.0	14.5079914018	8.24975329669
900.0	56.0	2.97513478967	5.30683930643
900.0	75.0	7.56769394681	13.0103003216
900.0	76.0	7.88949509942	12.2334626735
900.0	77.0	4.28422777154	10.328718812
900.0	80.0	4.44376032463	11.2408765665
900.0	81.0	4.6091859008	10.7447028429
900.0	82.0	3.16013362103	12.8184178426
900.0	94.0	4.6354940395	6.56314449212
900.0	95.0	2.71268479796	4.90589084291
900.0	96.0	2.08360458529	2.88778357653
900.0	97.0	1.64394297128	2.50330263919
900.0	153.0	5.45904401347	0.694022697567
900.0	156.0	14.6814146521	6.83593264319
900.0	158.0	14.3537204765	1.83768045779
900.0	159.0	13.6998053809	0.831252082402
900.0	160.0	14.1306274603	1.11120002747
900.0	161.0	15.1183402197	1.20117477196
900.0	247.0	5.68318935522	8.6612027914
900.0	248.0	6.12600794587	9.22372393933
900.0	249.0	6.35920328734	9.46620229583
900.0	250.0	6.86495094577	8.31108886522
900.0	253.0	0.580252307238	2.04412118455
900.0	254.0	12.6037030899	3.88036968354
900.0	255.0	13.1001902835	5.80229705063
900.0	256.0	15.0272088273	4.72546403433
900.0	349.0	9.15354854783	9.13398785463
900.0	350.0	11.6888112584	6.10611097567
900.0	351.0	6.41602886693	7.41683059569
900.0	352.0	6.22450561717	7.84403163718
900.0	353.0	5.97720911336	7.1597939914
900.0	354.0	4.85984984636	8.29820123604
900.0	355.0	3.2819929195	11.480968325
900.0	356.0	3.60589872321	11.4477946129
900.0	357.0	3.09636269281	12.0635368961
900.0	397.0	11.2114763898	7.17124966179
900.0	399.0	3.65325337288	12.7040997985
910.0	26.0	3.25589524591	4.48823619341
910.0	27.0	3.26284059452	3.77082483547
910.0	28.0	2.7615127034	3.62190112045
910.0	29.0	14.2531181541	8.25571979169
910.0	30.0	14.627325119	8.22183010013
910.0	56.0	2.97134641769	5.30254343003
910.0	75.0	7.43994162526	13.1978869242
910.0	76.0	7.94042765595	12.4062523685
910.0	77.0	4.30758939871	10.4611750008
910.0	80.0	4.34757776953	11.4318044063
910.0	81.0	4.6091859008	10.8668966604
910.0	82.0	3.13635106364	12.8799920709
910.0	94.0	4.75377543111	6.86146924176
910.0	95.0	2.81391851569	4.80851764463
910.0	96.0	2.57967084868	2.88778357653
910.0	97.0	2.11938365393	2.44148975107
910.0	153.0	5.26836262415	0.692113419169
910.0	156.0	14.7500262779	6.87745944834
910.0	158.0	14.059069323	2.18779438397
910.0	159.0	13.3224414393	1.19329899857
910.0	160.0	13.8008286335	1.46775776824
910.0	161.0	14.9430227834	1.65868560801
910.0	247.0	5.47903819888	8.87814454934
910.0	248.0	5.92648702195	9.40152549011
910.0	249.0	6.155052131	9.63970797023
910.0	250.0	6.62438932546	8.48435587981
910.0	253.0	0.150061623163	2.17896397138
910.0	254.0	12.1802472894	3.78824700085
910.0	255.0	12.8699414536	5.72783519312
910.0	256.0	14.786647207	4.52093258597
910.0	257.0	15.049728594	5.68010323318
910.0	349.0	9.15354854783	8.89198681772
910.0	350.0	11.7294310245	6.14739912102
910.0	351.0	6.62333699992	7.33401564519
910.0	352.0	6.59281955902	7.76431926408
910.0	353.0	6.34194514835	6.95287594505
910.0	354.0	5.1711277435	8.10082958167
910.0	355.0	3.38112198613	11.3685595594
910.0	356.0	3.70797430138	11.2886085264
910.0	357.0	3.22790338633	11.9069760675
910.0	397.0	11.2041101109	7.15358883661
910.0	399.0	3.68966383685	12.6305925802
920.0	26.0	3.61305453694	4.50279444119
920.0	27.0	3.62463011797	3.77082483547
920.0	28.0	3.00396850969	3.61450266666
920.0	29.0	14.370136755	8.23567236851
920.0	30.0	14.7466588361	8.19390690356
920.0	56.0	2.96755804572	5.29824755364
920.0	75.0	7.31218930372	13.3854735267
920.0	76.0	7.9065427733	12.5795193831
920.0	77.0	4.33095102587	10.5938698495
920.0	80.0	4.25139521444	11.622732246
920.0	81.0	4.6091859008	10.988851818
920.0	82.0	3.11530455268	12.9406116601
920.0	94.0	4.89226147325	7.09463986608
920.0	95.0	2.91536269853	4.71138310614
920.0	96.0	3.07573711207	2.88778357653
920.0	97.0	2.62029061484	2.40187222432
920.0	153.0	4.99896728383	0.692113419169
920.0	156.0	14.8186379036	6.91898625349
920.0	158.0	13.7644181695	2.53766965035
920.0	159.0	12.9825402873	1.56035777053
920.0	160.0	13.4922867828	1.82574746781
920.0	161.0	14.7677053471	2.11619644406
920.0	162.0	15.0693018492	0.286391759656
920.0	247.0	5.27509750765	9.09508630728
920.0	248.0	5.73159633043	9.5781337419
920.0	249.0	5.95111143977	9.81321364462
920.0	250.0	6.3846695656	8.65666825521
920.0	254.0	11.7527926517	3.70137483376
920.0	255.0	12.6396926237	5.65313467581
920.0	256.0	14.5460855867	4.31640113762
920.0	257.0	14.7830693001	5.56077333332
920.0	349.0	9.06578459712	8.63351825463
920.0	350.0	11.7698403256	6.18868726637
920.0	351.0	6.82327885406	7.22661873532
920.0	352.0	6.9838637327	7.63496565263
920.0	353.0	6.7454067635	6.79583779684
920.0	354.0	5.4904033148	7.90751514391
920.0	355.0	3.48004058766	11.2563894535
920.0	356.0	3.81004987955	11.12942244
920.0	357.0	3.35691849853	11.7539951359
920.0	358.0	3.25273826926	13.7580214741
920.0	397.0	11.1967438321	7.13592801143
920.0	399.0	3.68755918575	12.6026693837
930.0	26.0	3.97021382798	4.51711402918
930.0	27.0	3.98641964142	3.77082483547
930.0	28.0	3.24621385086	3.60734287267
930.0	29.0	14.4869448909	8.21586360514
930.0	30.0	14.8657820882	8.1662223668
930.0	56.0	2.96398013886	5.29419033704
930.0	76.0	7.83624742669	12.7530250575
930.0	77.0	4.35431265304	10.7263260383
930.0	80.0	4.12132777669	11.7981471988
930.0	81.0	4.57319636705	11.1079430581
930.0	82.0	3.11909292465	12.9935941356
930.0	94.0	5.03579867801	7.31158162402
930.0	95.0	3.0982568788	4.68894908497
930.0	96.0	3.57453942188	2.88468099914
930.0	97.0	3.1464533889	2.38492737854
930.0	153.0	4.72536264131	0.681612387982
930.0	156.0	14.8872495294	6.96051305864
930.0	158.0	13.469767016	2.88778357653
930.0	159.0	12.6424286701	1.92765520229
930.0	160.0	13.1835344669	2.18373716738
930.0	161.0	14.6189065146	2.56988872331
930.0	162.0	14.7973809276	0.694022697567
930.0	247.0	5.07094635132	9.31202806522
930.0	248.0	5.5428091271	9.75068477709
930.0	249.0	5.75201144607	9.97812756622
930.0	250.0	6.14494980574	8.8289806306
930.0	254.0	11.3255484792	3.61450266666
930.0	255.0	12.4006042591	5.60540271587
930.0	256.0	14.3042611757	4.09874340028
930.0	257.0	14.5164100062	5.44144343347
930.0	349.0	8.99338459941	8.36621927895
930.0	350.0	11.7372182336	6.25145479369
930.0	351.0	7.13771372784	7.10179966007
930.0	352.0	7.37722302259	7.50012286579
930.0	353.0	7.18738349371	6.68844088697
930.0	354.0	5.88502539535	7.7485677173
930.0	355.0	3.57916965429	11.1439806878
930.0	356.0	3.83656848336	10.981692024
930.0	357.0	3.46215105334	11.634665236
930.0	358.0	3.11867199443	13.6105297179
930.0	397.0	11.2051624365	7.13592801143
930.0	399.0	3.65998825639	12.6050559817
940.0	26.0	4.32737311901	4.53167227696
940.0	27.0	4.35073474618	3.78920164005
940.0	28.0	3.55391384114	3.67201967839
940.0	29.0	14.5288274477	8.20894247094
940.0	30.0	14.9851158053	8.13829917023
940.0	56.0	2.96019176688	5.28989446065
940.0	76.0	7.76616254518	12.9267693917
940.0	77.0	4.3031696314	10.8222672778
940.0	80.0	3.99147080405	11.9738008114
940.0	81.0	4.50100683445	11.2239317207
940.0	82.0	3.12309176173	13.0468152709
940.0	94.0	5.19006960337	7.54164967095
940.0	95.0	3.28999059367	4.67486815679
940.0	96.0	4.08365452206	2.86940677195
940.0	97.0	3.67261616297	2.36774387296
940.0	153.0	4.41345334885	0.575408777109
940.0	156.0	15.0495181289	7.00251718339
940.0	158.0	13.1681705139	3.20591708955
940.0	159.0	12.3359914705	2.29996448984
940.0	160.0	12.9067728478	2.53647635135
940.0	161.0	14.5768134927	3.00902275479
940.0	162.0	14.525670471	1.10189229528
940.0	163.0	15.0465716173	1.28231910386
940.0	247.0	4.91604403063	9.52801518396
940.0	248.0	5.40832192205	9.88314096593
940.0	249.0	5.5735370331	10.1084358169
940.0	250.0	5.92522423129	9.01060073818
940.0	254.0	10.9020926786	3.55794029413
940.0	255.0	12.1480461276	5.59728828268
940.0	256.0	14.057175137	3.8288191668
940.0	257.0	14.2499611774	5.32211353361
940.0	258.0	14.9272379002	6.48748933561
940.0	349.0	9.05862878339	8.02063988897
940.0	350.0	11.6557682362	6.3283032492
940.0	351.0	7.52854743641	6.96552491444
940.0	352.0	7.81877882259	7.35668832617
940.0	353.0	7.61399627092	6.59130634849
940.0	354.0	6.2796474759	7.58938163089
940.0	355.0	3.58085337517	10.9821693436
940.0	356.0	3.8439347622	10.8368255256
940.0	357.0	3.56738360815	11.5153353362
940.0	358.0	2.98481618471	13.4630379616
940.0	397.0	11.213791506	7.13592801143
940.0	399.0	3.63241732703	12.6074425797
950.0	26.0	4.70515799079	4.58847330929
950.0	27.0	4.71757543226	3.82595524921
950.0	28.0	3.92664755028	3.80829442403
950.0	29.0	14.5387193078	8.20751051215
950.0	30.0	14.9943762702	8.13042339684
950.0	56.0	2.95661386002	5.28583724405
950.0	76.0	7.67839859447	13.1045709425
950.0	77.0	4.24381847049	10.9141513007
950.0	80.0	3.8614033663	12.1492157642
950.0	81.0	4.42881730185	11.3396817236
950.0	82.0	3.12688013371	13.0997977465
950.0	94.0	5.35149634245	7.78030947066
950.0	95.0	3.48193477364	4.6607872286
950.0	96.0	4.59298008736	2.85389388497
950.0	97.0	4.19393823951	2.35724284177
950.0	153.0	4.10175452149	0.469443826036
950.0	156.0	15.2351483556	7.04475996794
950.0	158.0	12.8663635467	3.52428926237
950.0	159.0	12.0794345018	2.68038821058
950.0	160.0	12.6436914608	2.88706759713
950.0	161.0	14.5347204707	3.44815678626
950.0	162.0	14.358561174	1.55128869814
950.0	163.0	14.9009297615	1.65868560801
950.0	247.0	4.77355915142	9.7435249831
950.0	248.0	5.273834717	10.0158358146
950.0	249.0	5.39485215503	10.2385054077
950.0	250.0	5.75159051585	9.21346156794
950.0	254.0	10.4811624594	3.52118668497
950.0	255.0	11.895487996	5.58941250929
950.0	256.0	13.8100890983	3.55913359313
950.0	257.0	13.9843542091	5.17748569498
950.0	258.0	14.5326158196	6.46768057223
950.0	349.0	9.12408343249	7.67506049898
950.0	350.0	11.5743182387	6.40539036451
950.0	351.0	7.9195916101	6.829011509
950.0	352.0	8.29232531925	7.20752595135
950.0	353.0	8.02545556024	6.50467284119
950.0	354.0	6.71383699705	7.44618575106
950.0	355.0	3.55791267822	10.8079476898
950.0	356.0	3.85151150615	10.6919590272
950.0	357.0	3.63852081521	11.3783446111
950.0	358.0	2.85074990988	13.3155462054
950.0	397.0	11.2222101103	7.13592801143
950.0	399.0	3.60463593256	12.6098291777
960.0	26.0	5.08841495542	4.65577537281
960.0	27.0	5.08462658344	3.86270885836
960.0	28.0	4.29959172454	3.94480782946
960.0	29.0	14.5484007029	8.20607855335
960.0	30.0	15.0038472001	8.12230896365
960.0	56.0	2.95282548805	5.28154136766
960.0	76.0	7.56411603994	13.288577648
960.0	77.0	4.18446730957	11.0057966638
960.0	80.0	3.82520336744	12.3017193762
960.0	81.0	4.35662776925	11.4556703862
960.0	82.0	3.13087897079	13.152780222
960.0	94.0	5.51271261642	8.01896927037
960.0	95.0	3.6865068602	4.67319753819
960.0	96.0	5.09325565294	2.8345624412
960.0	97.0	4.71294519984	2.34912840858
960.0	153.0	3.75006732331	0.340567534191
960.0	158.0	12.5647670446	3.84242277539
960.0	159.0	11.8228775332	3.06081193132
960.0	160.0	12.3806100737	3.23765884291
960.0	161.0	14.5787076787	3.84982122918
960.0	162.0	14.2615367584	2.02860829756
960.0	163.0	14.7552879056	2.03505211216
960.0	247.0	4.63086380709	9.95903478224
960.0	248.0	5.13934751195	10.1482920034
960.0	249.0	5.21637774207	10.3685749986
960.0	250.0	5.57795680041	9.41632239769
960.0	254.0	10.0602322401	3.48443307582
960.0	255.0	11.6597670733	5.5812980761
960.0	256.0	13.5688960827	3.24076142031
960.0	257.0	13.7195891012	5.01567435078
960.0	258.0	14.1379937391	6.44787180886
960.0	349.0	9.22405435956	7.3316290472
960.0	350.0	11.5463263792	6.4149367565
960.0	351.0	8.3613578752	6.70252181515
960.0	352.0	8.63811949436	7.08819605149
960.0	353.0	8.44533345394	6.38200170414
960.0	354.0	7.16486372698	7.30991100542
960.0	355.0	3.53518244638	10.6339646958
960.0	356.0	3.8658231336	10.4640389184
960.0	357.0	3.67577313961	11.2239317207
960.0	358.0	2.71689410016	13.1680544492
960.0	397.0	11.2306287147	7.13592801143
960.0	399.0	3.5770650032	12.6122157757
970.0	26.0	5.47146145493	4.72307743633
970.0	27.0	5.45167773463	3.89922380772
970.0	28.0	4.67232543369	4.0810825751
970.0	29.0	14.5580820979	8.20488525435
970.0	30.0	15.0131076649	8.11443319026
970.0	56.0	2.94903711607	5.27724549126
970.0	76.0	7.44983348541	13.4725843536
970.0	77.0	4.12511614866	11.0976806867
970.0	80.0	3.85151150615	12.4389487611
970.0	81.0	4.26886381853	11.6279827616
970.0	82.0	3.13466734276	13.2057626975
970.0	94.0	5.68255795989	8.22421669813
970.0	95.0	3.90370685333	4.71162176594
970.0	96.0	5.51418587219	2.77871604806
970.0	97.0	5.23216262529	2.34125263519
970.0	153.0	3.3388184991	0.177801550787
970.0	158.0	12.3402007727	4.0810825751
970.0	159.0	11.5768438201	3.4185629711
970.0	160.0	12.1438368254	3.52190266437
970.0	161.0	14.6597367459	4.23525680571
970.0	162.0	14.1643018778	2.50592789699
970.0	163.0	14.7056181398	2.42191964749
970.0	247.0	4.54162660061	10.1556904572
970.0	248.0	4.99602077229	10.2805095325
970.0	249.0	5.0225393761	10.5504337659
970.0	250.0	5.40432308496	9.61918322745
970.0	254.0	9.61215202171	3.46892018883
970.0	255.0	11.4493019636	5.57318364291
970.0	256.0	13.3285449275	2.9166614123
970.0	257.0	13.4548239933	4.85410166637
970.0	258.0	13.7299018915	6.35694242517
970.0	259.0	15.1877937059	7.36313214076
970.0	349.0	9.46251132876	6.9975053276
970.0	350.0	11.5717926574	6.35694242517
970.0	351.0	8.81596251199	6.5784187193
970.0	352.0	8.97633692553	6.98079914162
970.0	353.0	8.88541599817	6.17579963718
970.0	354.0	7.62304627064	7.18079605378
970.0	355.0	3.51645105162	10.4468554129
970.0	356.0	3.88013476106	10.2363574695
970.0	357.0	3.7128149989	11.0695188303
970.0	358.0	2.58303829043	13.0203240332
970.0	397.0	11.2392577842	7.13592801143
970.0	399.0	3.54949407383	12.6148410335
980.0	26.0	5.85471841956	4.79037949985
980.0	27.0	5.82630562976	3.90709958111
980.0	28.0	5.17638937124	4.18776350557
980.0	29.0	14.567763493	8.20345329555
980.0	30.0	15.0225785949	8.10655741687
980.0	56.0	2.88147781588	5.2457423977
980.0	76.0	7.33555093089	13.656829719
980.0	77.0	3.92769987583	11.2917111038
980.0	80.0	3.87781964485	12.5761781459
980.0	81.0	4.18131033293	11.800295137
980.0	82.0	3.14876850511	13.2804632149
980.0	94.0	5.85787539621	8.40726876451
980.0	95.0	4.12111731158	4.7500459937
980.0	96.0	5.93511609144	2.72310831473
980.0	97.0	5.73328005131	2.29853253104
980.0	153.0	2.92735920978	0.0152742271817
980.0	158.0	12.1158449658	4.31974237481
980.0	159.0	11.3724821986	3.68514596738
980.0	160.0	11.9333717158	3.74003772131
980.0	161.0	14.7435018595	4.61377124806
980.0	162.0	14.1567251339	2.94052739227
980.0	163.0	14.6971995354	2.81332171902
980.0	164.0	5.53165447629	0.318133513018
980.0	247.0	4.47511962597	10.3439930392
980.0	248.0	4.84364403292	10.4122497419
980.0	249.0	4.82722775437	10.7380203685
980.0	250.0	5.23574053215	9.81631622201
980.0	254.0	9.16407180331	3.45364596165
980.0	255.0	11.238836854	5.56483054992
980.0	256.0	13.0894565629	2.58635624949
980.0	257.0	13.2062646988	4.64575166122
980.0	258.0	13.3186530673	6.2485908761
980.0	259.0	14.8916692967	7.21277646694
980.0	349.0	9.70096829797	6.663381608
980.0	350.0	11.5972589357	6.29918675364
980.0	351.0	9.2118473832	6.47507902603
980.0	352.0	9.27919621828	6.89989346952
980.0	353.0	9.30781947319	5.98630375621
980.0	354.0	8.08606951181	7.05669295793
980.0	355.0	3.5334987255	10.1437574672
980.0	356.0	3.89465685362	10.0084373608
980.0	357.0	3.74017546316	10.9046049087
980.0	358.0	2.46391503839	12.8730709367
980.0	359.0	2.39930224973	13.3639941448
980.0	397.0	11.2476763886	7.13592801143
980.0	399.0	3.52171267936	12.6172276315
990.0	26.0	6.30974398657	4.84002073819
990.0	27.0	6.20619515264	3.89540525092
990.0	28.0	5.68024284368	4.29468309584
990.0	29.0	14.5776553531	8.20202133675
990.0	30.0	15.0318390597	8.09844298368
990.0	56.0	2.66511968319	5.15027847782
990.0	77.0	3.73049406811	11.4855028612
990.0	80.0	3.90412778355	12.7134075307
990.0	81.0	4.09354638222	11.9728461722
990.0	82.0	3.16728943475	13.3639941448
990.0	94.0	6.03340329764	8.59008217109
990.0	95.0	4.33010916544	4.8316676452
990.0	96.0	6.36046607799	2.67155779799
990.0	97.0	6.22682073338	2.24101551931
990.0	158.0	11.8912786938	4.55840217453
990.0	159.0	11.1683310423	3.95196762346
990.0	160.0	11.7229066061	3.95841143805
990.0	161.0	14.8521018561	4.92951816308
990.0	162.0	14.149358855	3.37536554735
990.0	163.0	14.70603907	3.19016554277
990.0	164.0	5.31256029717	0.875165485549
990.0	247.0	4.40861265133	10.532534281
990.0	248.0	4.69126729355	10.5437512915
990.0	249.0	4.64096613235	10.9225043937
990.0	250.0	5.0793649557	10.0005615874
990.0	254.0	8.71599158492	3.43813307467
990.0	255.0	11.102455463	5.54979498254
990.0	256.0	12.8634170352	2.19734077596
990.0	257.0	12.9741216829	4.39062433533
990.0	258.0	12.9675972645	6.21207592674
990.0	259.0	14.5953344223	7.06265945292
990.0	260.0	14.9581762713	7.44427647266
990.0	349.0	9.95268456908	6.31923417681
990.0	350.0	11.6292496324	6.23140737052
990.0	351.0	9.47092993315	6.41994861229
990.0	352.0	9.53638458224	6.84691099398
990.0	353.0	9.57090086022	5.94668622946
990.0	354.0	8.53920089284	6.92972594448
990.0	355.0	3.55054639938	9.84042086178
990.0	356.0	3.90896848107	9.78075591186
990.0	357.0	3.67808825582	10.6449430466
990.0	358.0	2.47759527051	12.7277271187
990.0	359.0	2.39930224973	13.2021828005
990.0	397.0	11.256094993	7.13592801143
990.0	399.0	3.49414175	12.6196142294
1000.0	26.0	6.77276722775	4.88775269813
1000.0	27.0	6.58608467551	3.88371092074
1000.0	28.0	6.18430678124	4.40136402632
1000.0	29.0	14.5873367481	8.20058937795
1000.0	30.0	15.0413099896	8.09056721029
1000.0	56.0	2.44855108538	5.05481455793
1000.0	77.0	3.53307779528	11.6795332784
1000.0	80.0	3.85445801768	12.8432384618
1000.0	81.0	4.01588475676	12.13036164
1000.0	82.0	3.1858103644	13.4477637345
1000.0	94.0	6.17020561889	8.78268062945
1000.0	95.0	4.52710450805	4.97796610242
1000.0	96.0	6.82454164472	2.65747686981
1000.0	97.0	6.72036141545	2.18325984778
1000.0	158.0	11.7969903247	4.71472434334
1000.0	159.0	10.9639694208	4.21855061973
1000.0	160.0	11.5124414965	4.17654649499
1000.0	161.0	14.9607018526	5.2450264183
1000.0	162.0	14.172299552	3.78729236165
1000.0	163.0	14.7839111605	3.50829905579
1000.0	164.0	5.09325565294	1.43195879828
1000.0	165.0	5.0421126313	0.0503572177395
1000.0	247.0	4.34231614179	10.7208368629
1000.0	248.0	4.54604636791	10.7079492337
1000.0	249.0	4.53889055418	11.0793038821
1000.0	250.0	4.92298937925	10.184568293
1000.0	254.0	8.26328113412	3.46963616823
1000.0	255.0	11.0401577905	5.52759962116
1000.0	256.0	12.6371670424	1.80856396223
1000.0	257.0	12.7417682018	4.13549700943
1000.0	258.0	12.6569507627	6.22329293733
1000.0	259.0	14.2992100131	6.9123037791
1000.0	260.0	14.5877576784	7.35835894477
1000.0	261.0	15.1318099867	1.45081292246
1000.0	349.0	10.2565961874	5.93475323947
1000.0	350.0	11.6871275375	6.12401046065
1000.0	351.0	9.72096248338	6.36028366236
1000.0	352.0	9.75863573801	6.78581408525
1000.0	353.0	9.74684969187	5.91995633189
1000.0	354.0	8.90267413716	6.77793831186
1000.0	355.0	3.56759407326	9.53732291615
1000.0	356.0	3.91465103903	9.50009198739
1000.0	357.0	3.61621151359	10.3852811845
1000.0	358.0	2.49127550264	12.5826219605
1000.0	359.0	2.39930224973	13.0401327965
1000.0	360.0	2.86232549091	13.0785570243
1000.0	361.0	12.8804647091	11.4795363662
1000.0	397.0	11.2647240625	7.13592801143
1000.0	399.0	3.46657082064	12.6220008274
1010.0	26.0	7.23579046893	4.93548465807
1010.0	27.0	6.96597419839	3.87201659055
1010.0	28.0	6.690685835	4.4975439256
1010.0	29.0	14.5970181432	8.19915741916
1010.0	30.0	15.0505704544	8.0826914369
1010.0	56.0	2.23219295269	4.95935063805
1010.0	77.0	3.47204291349	11.865926582
1010.0	80.0	3.75385569528	12.9678188772
1010.0	81.0	3.95337661921	12.2659204063
1010.0	82.0	3.20433129405	13.5315333242
1010.0	94.0	6.28112073166	8.98148424262
1010.0	95.0	4.72388938554	5.12426455965
1010.0	96.0	7.28882767655	2.64339594163
1010.0	97.0	7.18633116816	2.12550417625
1010.0	98.0	0.17994766873	3.49207018941
1010.0	158.0	11.7024914905	4.87104651215
1010.0	159.0	10.7547671019	4.40637588211
1010.0	160.0	11.46150894	4.27773825006
1010.0	161.0	15.0693018492	5.56077333332
1010.0	162.0	14.3181518729	4.10852845207
1010.0	163.0	14.8619937162	3.82643256881
1010.0	164.0	5.06526379336	1.98087633762
1010.0	165.0	5.2826742516	0.519085064377
1010.0	247.0	4.20930219251	10.8769203719
1010.0	248.0	4.40566613979	10.8933878981
1010.0	249.0	4.43660451091	11.2361033705
1010.0	250.0	4.76682426791	10.3688136584
1010.0	254.0	7.80993928798	3.50638977739
1010.0	255.0	10.977649653	5.50564291959
1010.0	256.0	12.4081810031	1.4159685917
1010.0	257.0	12.5647670446	3.83764957939
1010.0	258.0	12.3490403073	6.29465221744
1010.0	259.0	13.9854065346	6.75407233189
1010.0	260.0	14.2173390854	7.27244141687
1010.0	261.0	14.9937448748	1.70594024835
1010.0	349.0	10.5152578071	5.54931766294
1010.0	350.0	11.7450054427	6.01661355078
1010.0	351.0	9.98656945173	6.30658520743
1010.0	352.0	9.95731480149	6.71970532073
1010.0	353.0	9.91290666336	5.89489705292
1010.0	354.0	9.26614738148	6.62615067924
1010.0	355.0	3.54907314362	9.22730383632
1010.0	356.0	3.91465103903	9.18410641257
1010.0	357.0	3.55433477136	10.1253806626
1010.0	358.0	2.50495573476	12.4372781425
1010.0	359.0	2.42813596975	12.8816626895
1010.0	360.0	2.87895223457	12.9277240309
1010.0	361.0	12.599914718	11.3072239908
1010.0	397.0	11.2731426669	7.13592801143
1010.0	399.0	3.43878942617	12.6243874254
1020.0	26.0	7.6988137101	4.98321661802
1020.0	27.0	7.36143813937	3.88800679713
1020.0	28.0	7.2067462838	4.55148104034
1020.0	29.0	14.6066995382	8.19796412016
1020.0	30.0	15.0600413844	8.07457700371
1020.0	56.0	1.97374179807	4.87653568754
1020.0	77.0	3.44489291435	12.0508879267
1020.0	80.0	3.65346383799	13.0926379525
1020.0	81.0	3.89065801654	12.4012405127
1020.0	82.0	3.22264175859	13.6153029139
1020.0	94.0	6.39224630955	9.18052651558
1020.0	95.0	4.92298937925	5.28345064606
1020.0	96.0	7.75311370839	2.62955367324
1020.0	97.0	7.64556603737	2.06774850472
1020.0	98.0	0.428506963198	3.43789441487
1020.0	158.0	11.6147275398	5.01973156737
1020.0	159.0	10.5443019922	4.57439238111
1020.0	160.0	11.4103659183	4.37893000514
1020.0	162.0	14.4637937288	4.43000320228
1020.0	163.0	14.9497576669	4.15602175221
1020.0	164.0	5.03706146867	2.52979387696
1020.0	165.0	5.5232358719	0.987812911014
1020.0	247.0	4.06892196439	11.029423984
1020.0	248.0	4.26549637678	11.0790652223
1020.0	249.0	4.33431846763	11.3929028589
1020.0	250.0	4.65801380623	10.5552069619
1020.0	254.0	7.3599648836	3.53574493275
1020.0	255.0	10.9153519805	5.48344755822
1020.0	256.0	12.1741438012	1.01836136538
1020.0	257.0	12.4243868165	3.51140163318
1020.0	258.0	12.0438658983	6.42591510728
1020.0	259.0	13.6697088702	6.59488624548
1020.0	260.0	13.8570228177	7.18533058997
1020.0	261.0	14.855890228	1.96106757425
1020.0	349.0	10.7057287313	5.1629274472
1020.0	350.0	11.8028833478	5.90921664091
1020.0	351.0	10.2759589775	6.26171716508
1020.0	352.0	10.1873531663	6.63999294763
1020.0	353.0	10.2435473506	5.89489705292
1020.0	354.0	9.58226597614	6.50849139799
1020.0	355.0	3.47688361101	8.90678372531
1020.0	356.0	3.91465103903	8.86835949755
1020.0	357.0	3.50824291235	9.82299869641
1020.0	358.0	2.51863596689	12.2919343244
1020.0	359.0	2.4860138749	12.7265338197
1020.0	360.0	2.89557897823	12.7771296973
1020.0	361.0	12.3191542617	11.1349116154
1020.0	397.0	11.2815612713	7.13592801143
1020.0	399.0	3.45667896049	12.6208075284
1030.0	26.0	8.10437997635	4.97319290643
1030.0	27.0	7.77289742869	3.93144288068
1030.0	28.0	7.7228067326	4.60541815507
1030.0	29.0	14.6165913984	8.19653216136
1030.0	30.0	15.0693018492	8.06670123031
1030.0	56.0	1.70476738797	4.79706197424
1030.0	77.0	3.41774291521	12.2356106117
1030.0	80.0	3.5530719807	13.2174570277
1030.0	81.0	3.82814987898	12.5367992789
1030.0	82.0	3.24116268823	13.6990725036
1030.0	94.0	6.50337188743	9.37933012874
1030.0	95.0	5.1273510007	5.47294652703
1030.0	96.0	8.19572183393	2.56630882632
1030.0	97.0	8.10480090657	2.00975417339
1030.0	98.0	0.688431373585	3.38204802174
1030.0	158.0	11.5846310291	5.09944394048
1030.0	159.0	10.3277333944	4.7459887771
1030.0	160.0	11.3594333618	4.48036042002
1030.0	162.0	14.6010169803	4.73381712732
1030.0	163.0	15.0474134778	4.497066606
1030.0	164.0	5.00906960909	3.0787114163
1030.0	165.0	5.7637974922	1.45677941745
1030.0	247.0	3.92875220138	11.181927596
1030.0	248.0	4.12511614866	11.2647425465
1030.0	249.0	4.22529754084	11.5329961614
1030.0	250.0	4.56141032091	10.7423162449
1030.0	254.0	6.91798815339	3.54767792274
1030.0	255.0	10.8530543081	5.46125219684
1030.0	256.0	11.9840938072	0.589728365092
1030.0	257.0	12.2842170535	3.18539234678
1030.0	258.0	11.7159612575	6.56123521372
1030.0	259.0	13.3540112057	6.43593881887
1030.0	260.0	13.4992321314	7.09774244348
1030.0	261.0	14.7180355812	2.21619490014
1030.0	349.0	10.8945159347	4.75792176709
1030.0	350.0	11.8725472991	5.77198725607
1030.0	351.0	10.6116508273	6.2433403605
1030.0	352.0	10.4253892053	6.55693933733
1030.0	353.0	10.5743985029	5.89489705292
1030.0	354.0	9.89291247795	6.39488933332
1030.0	355.0	3.40469407841	8.58626361429
1030.0	356.0	3.88266034237	8.53757701515
1030.0	357.0	3.46867547174	9.50247858539
1030.0	358.0	2.59124642971	12.1611487542
1030.0	359.0	2.54389178004	12.5714049499
1030.0	360.0	2.91220572189	12.6262967038
1030.0	361.0	12.0386042706	10.9623605802
1030.0	397.0	11.2901903408	7.13592801143
1030.0	399.0	3.49393128489	12.6148410335
1040.0	26.0	8.5034218242	4.95672538025
1040.0	27.0	8.1841462529	3.97487896423
1040.0	28.0	8.23402648388	4.64479702202
1040.0	29.0	14.6262727934	8.19510020256
1040.0	30.0	15.078562314	8.05882545692
1040.0	56.0	1.43579297787	4.71758826094
1040.0	77.0	3.32661152274	12.348496697
1040.0	80.0	3.4613091929	13.3406054844
1040.0	81.0	3.74522662579	12.663050313
1040.0	94.0	6.43854863366	9.48959095621
1040.0	95.0	5.33150215703	5.662442408
1040.0	96.0	8.62906949465	2.48206191702
1040.0	97.0	8.53562298597	1.94579334706
1040.0	98.0	1.04790578083	3.31235936022
1040.0	99.0	0.0894476715909	1.89137891273
1040.0	158.0	11.5545345184	5.17891765378
1040.0	159.0	10.0572857286	4.95052022546
1040.0	160.0	11.2893484803	4.59658774248
1040.0	162.0	14.7325576738	5.02617538197
1040.0	163.0	15.1452797538	4.83787279999
1040.0	164.0	4.98802309813	3.58777276909
1040.0	165.0	5.82041260669	1.96273819284
1040.0	247.0	3.78416267107	11.3458868784
1040.0	248.0	3.99504871091	11.4050745087
1040.0	249.0	4.11143591653	11.662111113
1040.0	250.0	4.4648068356	10.9294255279
1040.0	254.0	6.46654049324	3.55961091273
1040.0	255.0	10.7779182639	5.44454601086
1040.0	256.0	11.8230879983	0.140331962232
1040.0	257.0	12.1192124076	2.84745007038
1040.0	258.0	11.3651159198	6.70037387696
1040.0	259.0	12.9966414496	6.38558160113
1040.0	260.0	13.141441445	7.01015429698
1040.0	261.0	14.6281669794	2.43695521487
1040.0	349.0	11.0797252311	4.30924134363
1040.0	350.0	11.9895659	5.51566663118
1040.0	351.0	10.9589182582	6.23140737052
1040.0	352.0	10.6550066399	6.48390943861
1040.0	353.0	10.9559717467	5.8261630306
1040.0	354.0	10.1393671213	6.29942541344
1040.0	355.0	3.33250454581	8.26574350328
1040.0	356.0	3.72333825439	8.14689092302
1040.0	357.0	3.42931849624	9.18171981458
1040.0	358.0	2.72278712323	12.0449214317
1040.0	359.0	2.60176968519	12.4162760801
1040.0	360.0	2.92862200044	12.4773729888
1040.0	361.0	11.8045670687	10.7217915021
1040.0	397.0	11.2986089451	7.13592801143
1040.0	399.0	3.5311836093	12.6088745385
1050.0	26.0	8.90267413716	4.94025785407
1050.0	27.0	8.59560554222	4.01807638798
1050.0	28.0	8.7023113528	4.55529959713
1050.0	29.0	14.6359541885	8.19366824376
1050.0	30.0	15.0880332439	8.05071102373
1050.0	56.0	1.17965693945	4.62928413504
1050.0	77.0	3.20833013113	12.4303570083
1050.0	80.0	3.40490454352	13.4568328068
1050.0	81.0	3.65346383799	12.7854827902
1050.0	94.0	6.37393584501	9.59961312387
1050.0	95.0	5.53586377848	5.85217694877
1050.0	96.0	9.06241715537	2.39781500772
1050.0	97.0	8.93803227558	1.87562736595
1050.0	98.0	1.40738018807	3.24267069871
1050.0	99.0	0.694534861764	1.98087633762
1050.0	158.0	11.5244380078	5.25839136709
1050.0	159.0	9.78662759759	5.15505167381
1050.0	160.0	11.2112659246	4.71925887953
1050.0	162.0	14.8640983673	5.31853363661
1050.0	164.0	4.96697658716	4.09707278168
1050.0	165.0	5.85682307066	2.47299284463
1050.0	247.0	3.62989174571	11.5368147181
1050.0	248.0	3.86519173827	11.5454064709
1050.0	249.0	3.99778475734	11.7909874048
1050.0	250.0	4.36146846677	11.1112842953
1050.0	254.0	5.99299399659	3.57154390271
1050.0	255.0	10.5884996653	5.47652642402
1050.0	257.0	11.9377914831	2.5018706804
1050.0	258.0	11.0125868612	6.83855790099
1050.0	259.0	12.634641461	6.34739603318
1050.0	260.0	12.830374013	6.91922491329
1050.0	261.0	14.5500844237	2.64912377682
1050.0	349.0	11.2649345276	3.86056092016
1050.0	350.0	12.1063740359	5.25934600629
1050.0	351.0	11.3491205714	6.18367541058
1050.0	352.0	10.8766264003	6.42114191129
1050.0	353.0	11.3432275484	5.7497918947
1050.0	354.0	10.3698264164	6.20849602975
1050.0	355.0	3.14077083094	7.88675174133
1050.0	356.0	3.56380570129	7.75644349069
1050.0	357.0	3.31608826726	8.85881310556
1050.0	358.0	2.85432781674	11.9284554495
1050.0	359.0	2.6697499156	12.2828652521
1050.0	360.0	2.94419641855	12.3360863874
1050.0	361.0	11.6399833529	10.3788373699
1050.0	397.0	11.3070275495	7.13592801143
1050.0	399.0	3.56864639881	12.6026693837
1060.0	26.0	9.17501598902	4.89109393533
1060.0	27.0	9.01527297081	4.05339803833
1060.0	28.0	9.1703857566	4.46580217224
1060.0	29.0	14.6456355835	8.19247494476
1060.0	30.0	15.0972937088	8.04283525034
1060.0	56.0	0.974663922676	4.50709031759
1060.0	77.0	3.08983827441	12.5124559794
1060.0	80.0	3.34849989414	13.5732987891
1060.0	81.0	3.56170105019	12.9079152675
1060.0	94.0	6.33268468352	9.67073374419
1060.0	95.0	5.6608800536	6.1672078844
1060.0	96.0	9.48545202571	2.30688562403
1060.0	97.0	9.34023110007	1.80546138483
1060.0	98.0	1.7820080832	3.12644337625
1060.0	99.0	1.30677786566	2.05462221573
1060.0	101.0	0.0429348823636	1.68613148498
1060.0	158.0	11.4943414971	5.33810374019
1060.0	159.0	9.5681648138	5.38082384434
1060.0	160.0	11.1329729039	4.84216867639
1060.0	162.0	14.9956390608	5.61089189126
1060.0	164.0	4.9459300762	4.60613413447
1060.0	165.0	5.89302306951	2.98324749642
1060.0	247.0	3.47541035525	11.7277425579
1060.0	248.0	3.73512430052	11.685977093
1060.0	249.0	3.88392313303	11.9201023565
1060.0	250.0	4.2002521928	11.2463657419
1060.0	254.0	5.50892424445	3.58872740829
1060.0	255.0	10.3990810666	5.50826817739
1060.0	257.0	11.7563705586	2.15605263061
1060.0	258.0	10.6442729193	6.96624089384
1060.0	259.0	12.2787449607	6.35813572417
1060.0	260.0	12.5306716969	6.8275795502
1060.0	261.0	14.4743169843	2.84840470958
1060.0	262.0	15.0705646398	2.45962789585
1060.0	263.0	15.2814506797	7.50489606179
1060.0	349.0	11.5078112641	3.43145060028
1060.0	350.0	12.1693031037	4.93238208068
1060.0	351.0	11.7500566053	6.12663571844
1060.0	352.0	11.1260275552	6.32448469241
1060.0	353.0	11.7580542794	5.66817024319
1060.0	354.0	10.7154101264	6.04907128354
1060.0	355.0	2.93577781417	7.50131616479
1060.0	356.0	3.4044836133	7.36599605836
1060.0	357.0	3.12940571502	8.53351979855
1060.0	358.0	2.98586851026	11.812228127
1060.0	359.0	2.74741154105	12.1714111256
1060.0	360.0	2.95977083666	12.1945611262
1060.0	361.0	11.4756101023	10.035644578
1060.0	397.0	11.315656619	7.13592801143
1060.0	399.0	3.60589872321	12.5967028887
1070.0	26.0	9.44735784087	4.84193001659
1070.0	27.0	9.51007644354	4.01473515078
1070.0	28.0	9.63888109063	4.37630474735
1070.0	29.0	14.6555274437	8.19104298597
1070.0	30.0	15.1067646387	8.03495947695
1070.0	56.0	0.769460440791	4.38465784034
1070.0	77.0	2.96545339462	12.6193755696
1070.0	80.0	3.29188477965	13.6897647714
1070.0	81.0	3.4699382624	13.030109085
1070.0	94.0	6.32721259067	9.68338271357
1070.0	95.0	5.776846329	6.496558408
1070.0	96.0	9.88470433867	2.19972737396
1070.0	97.0	9.74074620369	1.73457942432
1070.0	98.0	2.16273946651	2.99016863061
1070.0	99.0	1.94722319426	2.06488458712
1070.0	101.0	0.180368598949	1.63434230844
1070.0	158.0	11.3335461533	5.43905683547
1070.0	159.0	9.47092993315	5.65623725321
1070.0	160.0	11.0346856977	4.97390888583
1070.0	162.0	15.1050809178	5.89967024892
1070.0	164.0	4.98949635389	5.05887177453
1070.0	165.0	5.94121957962	3.38562791873
1070.0	247.0	3.34155454552	11.8778595719
1070.0	248.0	3.58485221225	11.8255930758
1070.0	249.0	3.73175685877	12.0556611227
1070.0	250.0	4.03882545371	11.3816858483
1070.0	254.0	5.00023007448	3.61855988326
1070.0	255.0	10.20397991	5.54502178654
1070.0	257.0	11.6452449807	1.81476911702
1070.0	258.0	10.2759589775	7.09416254648
1070.0	259.0	11.9321089251	6.44238263346
1070.0	260.0	12.2337054272	6.7433326409
1070.0	261.0	14.4164390791	2.93193563948
1070.0	262.0	15.0042681303	2.62310985865
1070.0	263.0	14.8036948808	7.35812028497
1070.0	349.0	11.7649996281	3.00711347639
1070.0	350.0	12.1781426383	4.53453619456
1070.0	351.0	12.2000310097	6.00635117939
1070.0	352.0	11.3937391747	6.20515479255
1070.0	353.0	12.2139217069	5.5786728183
1070.0	354.0	11.1100322069	5.86005272216
1070.0	355.0	2.73057433228	7.11564192846
1070.0	356.0	3.13214176145	7.00466512159
1070.0	357.0	2.94251269767	8.20846515134
1070.0	358.0	3.11740920377	11.6957621448
1070.0	359.0	2.82528363161	12.0599569991
1070.0	360.0	2.99576037041	12.0833456595
1070.0	361.0	11.3263903396	9.68409869297
1070.0	397.0	11.3240752234	7.13592801143
1070.0	399.0	3.64315104762	12.5907363937
1080.0	26.0	9.71969969273	4.79276609785
1080.0	27.0	10.0050903814	3.97583360343
1080.0	28.0	10.1012729365	4.30566144663
1080.0	29.0	14.6652088387	8.18961102717
1080.0	30.0	15.1160251035	8.02684504376
1080.0	56.0	0.564467424016	4.26222536308
1080.0	77.0	2.83475456155	12.7511157791
1080.0	80.0	3.23548013027	13.8062307536
1080.0	81.0	3.37838593971	13.1792714598
1080.0	94.0	6.32174049782	9.69579302316
1080.0	95.0	5.89302306951	6.8256702718
1080.0	96.0	10.2837461865	2.09280778369
1080.0	97.0	10.123371773	1.65868560801
1080.0	98.0	2.5211615482	2.830027905
1080.0	99.0	2.58787898796	2.07538561831
1080.0	101.0	0.317591850425	1.5823144721
1080.0	158.0	11.158228717	5.54239652875
1080.0	159.0	9.3736950525	5.93165066208
1080.0	160.0	10.8553694243	5.14168672503
1080.0	162.0	15.1997902172	6.18606200857
1080.0	164.0	5.03306263158	5.51137075478
1080.0	165.0	5.98920562461	3.78776968125
1080.0	247.0	3.25526385058	11.9329899857
1080.0	248.0	3.42132082207	11.964731739
1080.0	249.0	3.57559174743	12.1921745282
1080.0	250.0	3.88244987726	11.5172446146
1080.0	254.0	4.49174636963	3.64839235822
1080.0	255.0	9.95710433638	5.62735941744
1080.0	257.0	11.5642159135	1.47515622203
1080.0	258.0	9.9158531749	7.2428476017
1080.0	259.0	11.5865252151	6.4944104698
1080.0	260.0	11.9468414828	6.68891820657
1080.0	261.0	14.358561174	3.01546656938
1080.0	262.0	14.9381820859	2.78683048125
1080.0	263.0	14.3261495471	7.21110584834
1080.0	349.0	12.0181891549	2.57609387811
1080.0	350.0	12.171828685	4.15100989642
1080.0	351.0	12.671051925	5.85862076337
1080.0	352.0	11.7229066061	6.09632592388
1080.0	353.0	12.6699995995	5.48917539341
1080.0	354.0	11.5315938215	5.70301457395
1080.0	355.0	2.52558131551	6.73020635192
1080.0	356.0	2.84738246812	6.64667542202
1080.0	357.0	2.75583014544	7.88317184433
1080.0	358.0	3.24894989729	11.5795348223
1080.0	359.0	2.90294525706	11.9482642129
1080.0	360.0	3.05216501979	12.0024399874
1080.0	361.0	11.2382054587	9.29937909583
1080.0	397.0	11.3324938278	7.13592801143
1080.0	399.0	3.68040337202	12.5845312389
1090.0	26.0	10.073491542	4.81352950042
1090.0	27.0	10.4998938541	3.93717071587
1090.0	28.0	10.5108380398	4.40231866551
1090.0	29.0	14.6748902337	8.18817906837
1090.0	30.0	15.1254960335	8.01896927037
1090.0	56.0	0.375890685791	4.13979288583
1090.0	77.0	2.70405572847	12.8826173287
1090.0	81.0	3.28683361702	13.3348776492
1090.0	94.0	6.31626840497	9.70844199254
1090.0	95.0	5.92817074282	7.20752595135
1090.0	96.0	10.6236473386	2.01309541058
1090.0	97.0	10.5059973423	1.5827917917
1090.0	98.0	2.86464060711	2.65413563261
1090.0	99.0	3.26747082694	2.13003871244
1090.0	100.0	0.324116268823	2.77800006866
1090.0	101.0	0.41587905662	1.55534591473
1090.0	158.0	10.9827008156	5.64597488182
1090.0	159.0	9.36317179702	6.16744654419
1090.0	160.0	10.6760531509	5.30970322402
1090.0	164.0	5.07789169994	5.96005117824
1090.0	165.0	6.03740213472	4.19015010357
1090.0	247.0	3.16876269052	11.9881203994
1090.0	248.0	3.25757896678	12.1041090621
1090.0	249.0	3.41921617098	12.3284492738
1090.0	250.0	3.77132429938	11.6566219376
1090.0	254.0	4.08091847564	3.69445369956
1090.0	255.0	9.7104392279	5.70969704834
1090.0	257.0	11.4741368466	1.15153353362
1090.0	258.0	9.57468923219	7.44045791587
1090.0	259.0	11.2413624353	6.53259603776
1090.0	260.0	11.6597670733	6.63474243203
1090.0	261.0	14.3006832688	3.09899749928
1090.0	262.0	14.8720960415	2.95055110386
1090.0	263.0	13.8486042134	7.06433007152
1090.0	349.0	12.235178683	2.0837387113
1090.0	350.0	12.031658922	3.89659854992
1090.0	351.0	13.1410205148	5.77747643146
1090.0	352.0	12.1438368254	6.00372592159
1090.0	353.0	13.1751158626	5.43189704148
1090.0	354.0	12.0167158992	5.61996096365
1090.0	355.0	2.20988365107	6.44572387066
1090.0	356.0	2.5626231748	6.28868572245
1090.0	357.0	2.56893712809	7.55811719713
1090.0	358.0	3.38049059081	11.46306884
1090.0	359.0	2.98081734763	11.8368100864
1090.0	360.0	3.10856966917	11.9215343153
1090.0	361.0	11.1498101126	8.9144208389
1090.0	397.0	11.3409124322	7.13592801143
1090.0	399.0	3.71786616153	12.5785647439
1100.0	26.0	10.4811624594	4.88059290414
1100.0	27.0	10.9955391873	3.95817277825
1100.0	28.0	10.920192678	4.4989758844
1100.0	29.0	14.6845716288	8.18674710957
1100.0	30.0	15.1347564983	8.01109349698
1100.0	56.0	0.225408132409	4.01688308898
1100.0	77.0	2.65186038128	13.0377461985
1100.0	81.0	3.19549175944	13.4904838386
1100.0	94.0	6.31058584701	9.72109096193
1100.0	95.0	5.96310795102	7.58938163089
1100.0	96.0	10.8749426795	1.97467118283
1100.0	97.0	10.7412973348	1.55797117253
1100.0	98.0	3.24368826955	2.44817222546
1100.0	99.0	3.95148243322	2.18970366237
1100.0	100.0	0.923941831256	2.98086089842
1100.0	101.0	0.455656962339	1.56536962632
1100.0	158.0	10.8109612861	5.80730890643
1100.0	159.0	9.38947993572	6.38605892073
1100.0	160.0	10.5137845513	5.48010632102
1100.0	164.0	5.1338754191	6.37388727095
1100.0	165.0	6.06139515722	4.58895062889
1100.0	247.0	3.08247199558	12.0432508131
1100.0	248.0	3.0938371115	12.2432477253
1100.0	249.0	3.25421152503	12.4551776274
1100.0	250.0	3.66040918661	11.7957606008
1100.0	254.0	3.68103476735	3.74218565951
1100.0	255.0	9.46629970074	5.78439756565
1100.0	257.0	11.3011345265	0.972538683832
1100.0	258.0	9.23352528949	7.63782957023
1100.0	259.0	10.9126159341	6.55121150213
1100.0	260.0	11.3819531285	6.64428882402
1100.0	261.0	14.2480669914	3.17489131559
1100.0	262.0	14.8542065072	2.98658873361
1100.0	263.0	13.3975774834	6.90228006751
1100.0	349.0	12.4523786761	1.59162220429
1100.0	350.0	11.8912786938	3.64194854363
1100.0	351.0	13.6105681744	5.74072282231
1100.0	352.0	12.6068600666	5.99036097281
1100.0	353.0	13.6802321257	5.37461868955
1100.0	354.0	12.5016275118	5.53690735335
1100.0	355.0	1.89418598663	6.1610027296
1100.0	356.0	2.22545806918	5.93284396108
1100.0	357.0	2.38225457585	7.23282389012
1100.0	358.0	3.51203128432	11.3468415176
1100.0	359.0	3.05868943819	11.7251173001
1100.0	360.0	3.16476385344	11.8406286432
1100.0	361.0	11.0494182553	8.53161052016
1100.0	397.0	11.3495415017	7.13592801143
1100.0	399.0	3.76416848565	12.528446186
1110.0	26.0	10.8890438418	4.94765630786
1110.0	27.0	11.4920263809	4.06819494592
1110.0	28.0	11.3297577814	4.59587176308
1110.0	29.0	14.7026716282	8.18006463518
1110.0	30.0	15.1442274282	8.00297906379
1110.0	56.0	0.0751360441363	3.89421195192
1110.0	77.0	2.65186038128	13.2081492955
1110.0	81.0	3.10393943676	13.646090028
1110.0	94.0	6.30511375416	9.73350127151
1110.0	95.0	5.99825562433	7.97123731043
1110.0	96.0	11.1262380204	1.93624695508
1110.0	97.0	10.9601810489	1.53887838855
1110.0	98.0	3.6383103501	2.22955984892
1110.0	99.0	4.59676845933	2.30306706723
1110.0	100.0	1.56691274116	3.10687327267
1110.0	101.0	0.495645333168	1.57539333791
1110.0	158.0	10.6394322218	5.97532540543
1110.0	159.0	9.40294970274	6.54787026494
1110.0	160.0	10.3687740908	5.65289601601
1110.0	164.0	5.19006960337	6.78748470385
1110.0	165.0	6.06139515722	4.98417125722
1110.0	247.0	2.90757548948	12.1203379284
1110.0	248.0	2.87642665325	12.3704533985
1110.0	249.0	3.07678943762	12.5668704137
1110.0	250.0	3.54928360872	11.9348992641
1110.0	254.0	3.28115105906	3.78991761945
1110.0	255.0	9.23247296394	5.8285496286
1110.0	257.0	11.1283426714	0.793543834047
1110.0	258.0	8.93887413602	7.85524864777
1110.0	259.0	10.6495345471	6.49154655221
1110.0	260.0	11.1041391838	6.65383521601
1110.0	261.0	14.2444890846	3.18133513018
1110.0	262.0	14.8485239492	2.99064595021
1110.0	263.0	12.9465507535	6.74046872331
1110.0	349.0	12.6693682041	1.09926703748
1110.0	350.0	11.745636838	3.38896915593
1110.0	351.0	14.0801158339	5.70396921315
1110.0	352.0	13.0978751673	6.03021715936
1110.0	353.0	14.1695635055	5.31614703862
1110.0	354.0	13.0469426108	5.50444962059
1110.0	355.0	1.55112785794	5.89489705292
1110.0	356.0	1.83567668615	5.5793887977
1110.0	357.0	2.1953615585	6.90776924291
1110.0	358.0	3.68629639509	11.2184425453
1110.0	359.0	3.13635106364	11.6136631737
1110.0	360.0	3.22116850282	11.7594843113
1110.0	361.0	10.8389531457	8.16884762459
1110.0	397.0	11.3579601061	7.13592801143
1110.0	399.0	3.81257546087	12.4671106174
1120.0	26.0	11.3192345259	5.04693878454
1120.0	27.0	11.9885135745	4.17845577338
1120.0	28.0	11.7588961399	4.71854290013
1120.0	29.0	14.732978604	8.1652677276
1120.0	30.0	15.153487893	7.9951032904
1120.0	56.0	-0.0751360441363	3.77154081487
1120.0	77.0	2.65186038128	13.3785523925
1120.0	81.0	3.01238711407	13.8016962174
1120.0	94.0	6.29964166131	9.7461502409
1120.0	95.0	5.9757358576	8.30369041143
1120.0	96.0	11.3756391753	1.87944592274
1120.0	97.0	11.1845368557	1.46202993304
1120.0	98.0	4.05145336029	2.00760623519
1120.0	99.0	5.23763471814	2.42239696709
1120.0	100.0	2.27491736994	3.11785162346
1120.0	101.0	0.535423238887	1.5854170495
1120.0	158.0	10.4986310635	6.12496509985
1120.0	159.0	9.3867438893	6.5767481007
1120.0	160.0	10.2235531652	5.82568571101
1120.0	164.0	5.2454219272	7.19129708497
1120.0	165.0	6.06139515722	5.37963054534
1120.0	247.0	2.60008596431	12.2303600961
1120.0	248.0	2.6588057299	12.4978977316
1120.0	249.0	2.89915688509	12.6788018598
1120.0	250.0	3.39901152045	12.0601956589
1120.0	254.0	2.86232549091	3.80328256823
1120.0	255.0	8.99864622715	5.87270169155
1120.0	257.0	10.9963810477	0.67445259399
1120.0	258.0	8.71388693383	8.10202288067
1120.0	259.0	10.38645316	6.43188160228
1120.0	260.0	10.812645007	6.71230686694
1120.0	261.0	14.2409111777	3.18801760457
1120.0	262.0	14.8430518563	2.9947031668
1120.0	263.0	12.4969972793	6.55431407953
1120.0	349.0	12.8714147094	0.569442282116
1120.0	350.0	11.5528507976	3.15030935622
1120.0	351.0	14.544822796	5.63428055164
1120.0	352.0	13.5933100354	6.04119551015
1120.0	353.0	14.6431100022	5.25648208869
1120.0	354.0	13.5922577098	5.47175322803
1120.0	355.0	1.16660810265	5.65623725321
1120.0	356.0	1.44589530313	5.22569497453
1120.0	357.0	2.00867900627	6.5824759359
1120.0	358.0	3.9028649929	11.0781105831
1120.0	359.0	3.2142231542	11.5022090472
1120.0	360.0	3.2775731522	11.6785786392
1120.0	361.0	10.6284880361	7.80608472903
1120.0	397.0	11.3663787104	7.13592801143
1120.0	399.0	3.86119290119	12.4060137087
1120.0	403.0	7.23999977112	12.2193817453
1130.0	26.0	11.7835205577	5.19443054076
1130.0	27.0	12.4850007681	4.28847794105
1130.0	28.0	12.2174996138	4.88059290414
1130.0	29.0	14.7632855798	8.15070947981
1130.0	77.0	2.61818596374	13.4890518798
1130.0	94.0	6.29395910335	9.75856055048
1130.0	95.0	5.95321609087	8.63614351243
1130.0	96.0	11.6212519582	1.77992478626
1130.0	97.0	11.4171008019	1.29878663004
1130.0	98.0	4.50753125285	1.77897014706
1130.0	99.0	5.87892190717	2.59351604349
1130.0	100.0	2.96755804572	3.14171760343
1130.0	101.0	0.575411609716	1.59544076108
1130.0	158.0	10.4807415291	6.20109757595
1130.0	159.0	9.37053807586	6.60562593647
1130.0	160.0	10.1435764235	5.93355994048
1130.0	164.0	5.29277657686	7.50704399999
1130.0	165.0	6.05318701794	5.7485985957
1130.0	247.0	2.29238597404	12.3406209236
1130.0	248.0	2.44139527166	12.6251034048
1130.0	249.0	2.71626270483	12.7876307284
1130.0	250.0	3.20959292179	12.1716497854
1130.0	254.0	2.44139527166	3.81282896022
1130.0	255.0	8.82101367463	5.92234292989
1130.0	257.0	10.9599705837	0.694977336766
1130.0	258.0	8.48889973164	8.34903577338
1130.0	259.0	10.1724101435	6.46768057223
1130.0	260.0	10.5074705981	6.81970377681
1130.0	261.0	14.2375437359	3.19446141916
1130.0	262.0	14.8373692984	2.9987603834
1130.0	263.0	12.0527054329	6.27150221687
1130.0	349.0	13.0719879588	0.0353216503576
1130.0	350.0	11.359854292	2.9116495565
1130.0	351.0	15.0097402232	5.56483054992
1130.0	352.0	14.1057925773	5.93737849727
1130.0	353.0	15.1166564989	5.19681713876
1130.0	354.0	14.0479146722	5.44836456766
1130.0	355.0	0.780825556711	5.42115735049
1130.0	356.0	0.983082527061	4.99133105121
1130.0	357.0	1.70476738797	6.23832850471
1130.0	358.0	4.11964405581	10.9375399611
1130.0	359.0	3.29188477965	11.3905162609
1130.0	360.0	3.52002895849	11.5721363685
1130.0	361.0	10.2917438607	7.53830843375
1130.0	397.0	11.3750077799	7.13592801143
1130.0	399.0	3.90981034151	12.3449168
1130.0	403.0	7.15118349486	12.1344188566
1140.0	26.0	12.2478065895	5.34168363719
1140.0	27.0	12.943604242	4.40327330471
1140.0	28.0	12.6761030876	5.04264290815
1140.0	29.0	14.7938030207	8.13591257223
1140.0	77.0	2.57609294182	13.5845157997
1140.0	94.0	6.2884870105	9.77120951987
1140.0	95.0	5.93806260297	8.94640125206
1140.0	96.0	11.866654276	1.68064230958
1140.0	97.0	11.6627135848	1.15750002861
1140.0	98.0	4.9633986803	1.55033405894
1140.0	99.0	6.52041956131	2.78659182145
1140.0	100.0	3.5989533746	3.21761141974
1140.0	101.0	0.615189515435	1.60546447267
1140.0	158.0	10.4628519948	6.27723005206
1140.0	159.0	9.35433226242	6.63450377223
1140.0	160.0	10.1071659595	5.9977594266
1140.0	164.0	5.34034169164	7.82255225521
1140.0	165.0	6.0260370188	6.05646973733
1140.0	247.0	2.01036272714	12.4613827822
1140.0	248.0	2.2084103953	12.7444333047
1140.0	249.0	2.5123220136	12.8847652669
1140.0	250.0	3.02017432313	12.2831039119
1140.0	254.0	2.05203481885	3.82643256881
1140.0	255.0	8.69957530637	5.97747334362
1140.0	257.0	10.9235601198	0.715740739341
1140.0	258.0	8.25675671572	8.54640742774
1140.0	259.0	9.97078456851	6.52734552216
1140.0	260.0	10.2113461888	6.9168383153
1140.0	261.0	14.2339658291	3.20114389356
1140.0	262.0	14.8316867404	3.00281759999
1140.0	263.0	11.6084135865	5.98869035421
1140.0	350.0	11.2529380163	2.5801510947
1140.0	352.0	14.6182751193	5.8335614844
1140.0	354.0	14.4812623329	5.42736250528
1140.0	355.0	0.380941848422	5.21829652073
1140.0	356.0	0.502169751567	4.78679960285
1140.0	357.0	1.28383716872	5.87508828955
1140.0	358.0	4.32695218879	10.8015038752
1140.0	359.0	3.42132082207	11.2833580109
1140.0	360.0	3.78311034552	11.4625915204
1140.0	361.0	9.84766247938	7.33878884119
1140.0	397.0	11.3834263843	7.13592801143
1140.0	399.0	3.94979871234	12.2537487565
1140.0	403.0	7.06236721859	12.0496946277
1150.0	26.0	12.7120926214	5.48917539341
1150.0	27.0	13.3645344612	4.52260320457
1150.0	28.0	13.1077670275	5.17891765378
1150.0	29.0	14.8241099965	8.12111566465
1150.0	77.0	2.53399991989	13.6799797196
1150.0	94.0	6.28301491765	9.78385848925
1150.0	95.0	5.95321609087	9.16787754619
1150.0	96.0	12.179615894	1.44651704606
1150.0	97.0	11.9209542743	1.03817012875
1150.0	98.0	5.39611494569	1.4152526123
1150.0	99.0	7.10993233337	2.99398718741
1150.0	100.0	4.23034870347	3.29350523605
1150.0	101.0	0.655177886264	1.61548818426
1150.0	158.0	10.4449624605	6.35336252817
1150.0	159.0	9.33812644898	6.663381608
1150.0	160.0	10.0707554956	6.06195891272
1150.0	164.0	5.38790680641	8.13829917023
1150.0	165.0	5.99888701966	6.36457953876
1150.0	166.0	10.4100252523	0.0558463931329
1150.0	247.0	1.73444296842	12.5847698987
1150.0	248.0	1.97542551895	12.8637632046
1150.0	249.0	2.30859178748	12.9816611456
1150.0	250.0	2.80571037642	12.4086389665
1150.0	254.0	1.71002901571	3.84647999198
1150.0	255.0	8.57813693812	6.03260375736
1150.0	257.0	10.8873601209	0.736265482116
1150.0	258.0	8.01724742097	8.69461516336
1150.0	259.0	9.75463690092	6.63784500943
1150.0	260.0	9.92448224439	7.00347182259
1150.0	261.0	14.2303879222	3.20758770815
1150.0	262.0	14.8260041825	3.00711347639
1150.0	263.0	11.1247647646	5.72425529613
1150.0	350.0	11.1826426697	2.20903510615
1150.0	352.0	15.0482553382	5.75170117309
1150.0	354.0	14.9146099936	5.40636044291
1150.0	355.0	-0.0189418598663	5.01543569098
1150.0	356.0	0.0210465109626	4.5822681545
1150.0	357.0	0.860802298368	5.55289755993
1150.0	358.0	4.45028474303	10.7026987181
1150.0	359.0	3.67072197698	11.1859848126
1150.0	360.0	4.01588475676	11.339204404
1150.0	361.0	9.31097644983	7.1597939914
1150.0	397.0	11.3918449887	7.13592801143
1150.0	399.0	3.98894522273	12.1594781356
1150.0	403.0	6.97334047722	11.964731739
1160.0	26.0	13.1050309811	5.56864910671
1160.0	27.0	13.7854646805	4.64193310443
1160.0	28.0	13.5217518981	5.29824755364
1160.0	29.0	14.8544169723	8.10631875707
1160.0	77.0	2.49190689797	13.7754436395
1160.0	94.0	6.27733235969	9.79626879884
1160.0	95.0	5.96815911365	9.38959250013
1160.0	96.0	12.4997333258	1.19735621516
1160.0	97.0	12.1932961262	0.861561876966
1160.0	98.0	5.82630562976	1.29091085665
1160.0	99.0	7.66471836234	3.21116760514
1160.0	100.0	4.84616961424	3.36414853676
1160.0	101.0	0.694955791983	1.62575055565
1160.0	158.0	10.4270729262	6.42949500428
1160.0	159.0	9.32192063553	6.69225944376
1160.0	160.0	10.0343450316	6.12615839884
1160.0	164.0	5.48135331509	8.38578938253
1160.0	165.0	5.97594632271	6.664574907
1160.0	166.0	10.3664589746	0.187586602575
1160.0	247.0	1.45873367481	12.7081570151
1160.0	248.0	1.74391389836	12.9756946506
1160.0	249.0	2.10465109626	13.0785570243
1160.0	250.0	2.56620108166	12.5484936091
1160.0	254.0	1.36802321257	3.86628875536
1160.0	255.0	8.63096368063	5.96434705464
1160.0	257.0	10.850949657	0.757028884691
1160.0	258.0	7.77773812621	8.84282289898
1160.0	259.0	9.51660086194	6.82471563261
1160.0	260.0	9.63004155603	7.10156100027
1160.0	261.0	14.2268100154	3.21427018254
1160.0	262.0	14.8203216245	3.01117069298
1160.0	263.0	10.6017589672	5.47843570242
1160.0	350.0	11.1125577882	1.83768045779
1160.0	352.0	15.4691855575	5.67222745979
1160.0	354.0	15.3479576543	5.38535838053
1160.0	357.0	0.429980218965	5.39371147352
1160.0	358.0	4.57361729727	10.6038935611
1160.0	359.0	3.92012313189	11.0888502741
1160.0	360.0	4.21814172711	11.2014976996
1160.0	361.0	8.7700811181	6.96647955364
1160.0	397.0	11.4004740582	7.13592801143
1160.0	399.0	4.02830219823	12.0649688549
1160.0	403.0	6.88452420096	11.8800075101
1170.0	26.0	13.4977588756	5.64836147982
1170.0	27.0	14.2063948997	4.76126300428
1170.0	28.0	13.9355263036	5.4175774535
1170.0	29.0	14.8849344132	8.09152184948
1170.0	94.0	6.27186026684	9.80891776822
1170.0	95.0	5.9757358576	9.52729920456
1170.0	96.0	12.8488949426	0.88304125894
1170.0	97.0	12.4984705351	0.551304137338
1170.0	98.0	6.17799282795	1.20236807096
1170.0	99.0	8.21171718226	3.40877791931
1170.0	100.0	5.461990525	3.43503049728
1170.0	101.0	0.734944162812	1.63577426724
1170.0	102.0	0.11259883365	2.02932427696
1170.0	158.0	10.3759299045	6.53235737796
1170.0	159.0	9.30571482209	6.72113727953
1170.0	160.0	9.99793456765	6.19035788497
1170.0	164.0	5.57501028887	8.63327959483
1170.0	165.0	5.9692114392	6.93306718168
1170.0	166.0	10.3228926969	0.319326812017
1170.0	247.0	1.21648833364	12.8422838226
1170.0	248.0	1.51892669617	13.0580322815
1170.0	249.0	1.84346389521	13.2102972337
1170.0	250.0	2.32669178691	12.6885869116
1170.0	254.0	1.18386624164	3.9159299937
1170.0	255.0	8.70336367834	5.88224808354
1170.0	257.0	10.814539193	0.777553627466
1170.0	258.0	7.59484394595	8.99079197481
1170.0	259.0	9.26572645126	6.99177749241
1170.0	260.0	9.31855319378	7.22566409612
1170.0	261.0	14.2232321085	3.22071399713
1170.0	262.0	14.8146390665	3.01522790958
1170.0	263.0	10.0787531697	5.23237744892
1170.0	350.0	11.2451508073	1.47515622203
1170.0	357.0	-0.00105232554813	5.23452538712
1170.0	358.0	4.68179636362	10.5079523216
1170.0	359.0	4.07039522016	10.9783507868
1170.0	360.0	4.42060916257	11.0637909951
1170.0	361.0	8.21234857759	6.71588676394
1170.0	397.0	11.4410938244	7.11755120685
1170.0	399.0	4.06744870862	11.970698234
1170.0	403.0	6.7957079247	11.7738038993
1180.0	26.0	13.8906972353	5.72783519312
1180.0	27.0	14.627325119	4.88059290414
1180.0	28.0	14.3642437319	5.48917539341
1180.0	29.0	14.9152413889	8.0767249419
1180.0	94.0	6.26638817399	9.82156673761
1180.0	95.0	5.97194748562	9.53899353475
1180.0	96.0	13.2172088845	0.52505155937
1180.0	97.0	12.801540293	0.250592789699
1180.0	98.0	6.47748467894	1.13816858483
1180.0	99.0	8.74650902582	3.5779877173
1180.0	100.0	6.07970562175	3.50925369499
1180.0	101.0	0.774722068532	1.64579797882
1180.0	102.0	0.248559294468	2.02168716337
1180.0	106.0	-0.0997604619625	2.9958964658
1180.0	158.0	10.2917438607	6.6619496492
1180.0	159.0	9.28950900865	6.7497764555
1180.0	160.0	9.94279270893	6.30133469183
1180.0	164.0	5.66382656513	8.85427856937
1180.0	165.0	5.9626870208	7.20155945635
1180.0	166.0	10.2793264192	0.451067021458
1180.0	247.0	0.97803136443	12.977603929
1180.0	248.0	1.29393949398	13.1403699124
1180.0	249.0	1.58206622906	13.3417987834
1180.0	250.0	2.08928714325	12.8224750592
1180.0	254.0	0.999709270721	3.96580989184
1180.0	255.0	8.77576367606	5.80014911244
1180.0	257.0	10.778128729	0.798078370242
1180.0	258.0	7.44983348541	9.13899971043
1180.0	259.0	8.89741250942	6.98175378082
1180.0	260.0	9.00706483153	7.34976719198
1180.0	261.0	14.2196542016	3.22739647152
1180.0	262.0	14.8089565086	3.01928512617
1180.0	263.0	9.53848923334	5.00684393819
1180.0	350.0	11.3775333612	1.11287064606
1180.0	358.0	4.7293614784	10.4232280927
1180.0	359.0	4.15458126401	10.859020887
1180.0	360.0	4.51489753169	10.8819322277
1180.0	361.0	7.65166952555	6.46457799484
1180.0	397.0	11.6109391678	7.02495120457
1180.0	399.0	4.09270452178	11.8742796749
1180.0	403.0	6.70689164844	11.646598226
1190.0	26.0	14.283635595	5.80730890643
1190.0	27.0	15.0482553382	4.999922804
1190.0	28.0	14.8026425553	5.52903157996
1190.0	29.0	14.9455483647	8.06192803432
1190.0	94.0	6.26070561603	9.83397704719
1190.0	95.0	5.96815911365	9.55068786493
1190.0	96.0	13.5179635261	0.15011701402
1190.0	97.0	13.0997693533	-0.0279231965665
1190.0	98.0	6.77697652994	1.07396909871
1190.0	99.0	9.28151133449	3.7469588555
1190.0	100.0	6.70184048581	3.59230730529
1190.0	101.0	0.911945320007	1.59114488469
1190.0	102.0	0.384309290176	2.01405004978
1190.0	106.0	0.465338357382	3.0837232721
1190.0	158.0	10.2075578168	6.79154192045
1190.0	159.0	9.27351366032	6.77865429126
1190.0	160.0	9.85986945574	6.48223882002
1190.0	164.0	5.74169865569	9.01346465578
1190.0	165.0	5.9561626024	7.47005173103
1190.0	166.0	10.1940880498	0.568487642917
1190.0	247.0	0.739363930114	13.1126853757
1190.0	248.0	1.06158601295	13.2322539353
1190.0	249.0	1.32214181867	13.470913735
1190.0	250.0	1.85335575536	12.9527833098
1190.0	254.0	0.879112762906	4.02642948097
1190.0	255.0	8.79365321037	5.76554344148
1190.0	257.0	10.7417182651	0.818841772817
1190.0	258.0	7.30461255977	9.28720744605
1190.0	259.0	8.52909856757	6.97196872903
1190.0	260.0	8.67284623745	7.37458781115
1190.0	261.0	14.2160762948	3.23384028612
1190.0	262.0	14.8032739506	3.02334234277
1190.0	263.0	8.9298241363	4.86173877996
1190.0	350.0	11.492236846	0.747005173103
1190.0	358.0	4.77692659317	10.3385038638
1190.0	359.0	4.23876730786	10.7396909871
1190.0	360.0	4.59718938955	10.6950616046
1190.0	361.0	7.07941489247	6.21112128754
1190.0	397.0	11.7805740462	6.93258986208
1190.0	399.0	4.10891033522	11.7764291571
1190.0	403.0	6.61786490707	11.5193925528
1200.0	26.0	14.6763634895	5.88702127953
1200.0	28.0	15.2412518438	5.56864910671
1200.0	29.0	14.9760658056	8.04736978654
1200.0	94.0	6.25523352318	9.84662601658
1200.0	95.0	5.96437074168	9.56262085492
1200.0	98.0	6.98744163957	0.73292424492
1200.0	99.0	9.83398224725	3.9159299937
1200.0	100.0	7.32418581497	3.67536091559
1200.0	101.0	1.06011275718	1.52909333676
1200.0	102.0	0.520059285885	2.00617427639
1200.0	106.0	1.03022671162	3.17155007839
1200.0	158.0	10.123371773	6.92113419169
1200.0	159.0	9.24425901008	6.84810429298
1200.0	160.0	9.77715666765	6.6629042884
1200.0	164.0	5.81978121137	9.17241208239
1200.0	165.0	6.1245346901	7.68961874677
1200.0	166.0	10.0985368901	0.682328367381
1200.0	247.0	0.507220914198	13.2122065121
1200.0	248.0	0.812184858045	13.3472879588
1200.0	249.0	1.07463484975	13.5761627067
1200.0	250.0	1.61742436747	13.0828529007
1200.0	254.0	0.801030207235	4.09468618368
1200.0	255.0	8.78839158263	5.75098519369
1200.0	257.0	10.6909961736	0.862277856365
1200.0	258.0	7.20948233022	9.39006981973
1200.0	259.0	8.21129625204	6.93784037767
1200.0	260.0	8.33273462029	7.37458781115
1200.0	261.0	14.2124983879	3.24052276051
1200.0	262.0	14.7975913927	3.02739955937
1200.0	263.0	8.32094857415	4.71687228154
1200.0	350.0	11.5654787041	0.373502586552
1200.0	358.0	4.82596496371	10.2456652017
1200.0	359.0	4.29769753855	10.5439899513
1200.0	360.0	4.64559636476	10.507475002
1200.0	361.0	6.50737072451	5.95742592045
1200.0	397.0	11.9451577619	6.83569398339
1200.0	399.0	4.12511614866	11.6783399794
1200.0	403.0	6.5290486308	11.3919482197
1210.0	26.0	15.0693018492	5.96649499284
1210.0	29.0	14.9897460377	8.04378988954
1210.0	94.0	6.25460212785	9.86070694476
1210.0	95.0	5.9605823697	9.5743151851
1210.0	98.0	7.18212186597	0.372786607152
1210.0	99.0	10.38645316	4.0851397917
1210.0	100.0	7.87834044861	3.834547002
1210.0	101.0	1.22069763583	1.48875983061
1210.0	102.0	0.647390677208	2.00474231759
1210.0	106.0	1.61216273973	3.23813616251
1210.0	158.0	9.98509619596	7.08485481429
1210.0	159.0	9.16259854755	7.0788883193
1210.0	160.0	9.68981364716	6.83951254019
1210.0	164.0	5.92459283596	9.25403373389
1210.0	165.0	6.2929067778	7.9091857625
1210.0	166.0	10.0027752652	0.796169091844
1210.0	167.0	14.8763053437	1.08805002689
1210.0	247.0	0.275709293609	13.307670432
1210.0	248.0	0.562783703139	13.4620833224
1210.0	249.0	0.826917415719	13.6814116784
1210.0	250.0	1.38170344469	13.2069559965
1210.0	254.0	0.722737186454	4.1629428864
1210.0	255.0	8.78312995489	5.73642694591
1210.0	257.0	10.5832380375	0.996881983403
1210.0	258.0	7.13581954185	9.47360074963
1210.0	259.0	7.91496137769	6.89368831472
1210.0	260.0	7.98378346853	7.37124657395
1210.0	261.0	14.208920481	3.2469665751
1210.0	262.0	14.7919088347	3.03145677596
1210.0	263.0	7.71670324442	4.60231557767
1210.0	350.0	11.6387205623	0.0
1210.0	358.0	4.88826263616	10.0776487027
1210.0	359.0	4.33979056048	10.2974543782
1210.0	360.0	4.67106264303	10.3194110798
1210.0	361.0	5.93511609144	5.70396921315
1210.0	365.0	8.07407300056	13.6398848732
1210.0	397.0	12.0619658977	6.69631666036
1210.0	399.0	4.1413219621	11.5804894615
1210.0	403.0	6.44023235454	11.2647425465
1220.0	29.0	14.996059991	8.04522184834
1220.0	94.0	6.27396491794	9.88027704834
1220.0	95.0	5.95679399773	9.58600951529
1220.0	98.0	7.36627883689	0.0
1220.0	99.0	10.9425019797	4.2517243319
1220.0	100.0	8.43270554737	3.99349442861
1220.0	101.0	1.43116274545	1.53482117196
1220.0	102.0	0.772406952326	2.00474231759
1220.0	103.0	0.0330430222112	1.59758869928
1220.0	106.0	2.20146504668	3.29541451444
1220.0	158.0	9.84682061894	7.2483367771
1220.0	159.0	9.08114855012	7.30991100542
1220.0	160.0	9.56248225584	6.97841254362
1220.0	164.0	6.04729399487	9.28386620885
1220.0	165.0	6.51894630554	8.10202288067
1220.0	166.0	9.9072241054	0.910248476107
1220.0	167.0	14.4480088456	1.21143714335
1220.0	247.0	0.0441976730214	13.4031343519
1220.0	248.0	0.323484873494	13.5835611605
1220.0	249.0	0.579410446799	13.7868993098
1220.0	250.0	1.14703484746	13.317216824
1220.0	254.0	0.625291840697	4.21735732074
1220.0	255.0	8.77786832715	5.72210735793
1220.0	257.0	10.4752694363	1.13148611044
1220.0	258.0	7.06215675348	9.55713167953
1220.0	259.0	7.61883696844	6.84953625178
1220.0	260.0	7.59926371325	7.35477904777
1220.0	261.0	14.2053425742	3.25364904949
1220.0	262.0	14.7862262767	3.03575265236
1220.0	263.0	7.11919279819	4.53310423576
1220.0	358.0	4.95056030861	9.9096322037
1220.0	359.0	4.3818835824	10.0506801453
1220.0	360.0	4.69652892129	10.1315858174
1220.0	361.0	5.35444285398	5.47342384663
1220.0	365.0	7.99514858445	13.5265214684
1220.0	397.0	12.1789844987	6.55717799713
1220.0	399.0	4.20509289032	11.4730925516
1220.0	403.0	6.2861718943	11.1191600686
1230.0	29.0	15.0025844094	8.04689246694
1230.0	94.0	6.29332770802	9.90008581171
1230.0	95.0	5.95300562576	9.59794250528
1230.0	99.0	11.5010763806	4.4171155731
1230.0	100.0	8.98686018101	4.15268051501
1230.0	101.0	1.64162785508	1.5806438535
1230.0	102.0	0.897633692553	2.00474231759
1230.0	103.0	0.183315110484	1.60450983347
1230.0	105.0	0.0631395328877	4.43907227467
1230.0	106.0	2.79245107451	3.34314647439
1230.0	158.0	9.70854504192	7.4120573997
1230.0	159.0	8.99612064583	7.53950173275
1230.0	160.0	9.43515086451	7.11707388725
1230.0	164.0	6.15168468924	9.31131208582
1230.0	165.0	6.80265327332	8.26789144147
1230.0	166.0	9.79273108577	1.06776394392
1230.0	167.0	14.0199228126	1.3348242598
1230.0	248.0	0.0909209273582	13.7090962151
1230.0	250.0	0.912366250227	13.4274776515
1230.0	254.0	0.353370919061	4.14766865922
1230.0	255.0	8.7723962343	5.70754911015
1230.0	257.0	10.367300835	1.26609023748
1230.0	258.0	6.98849396512	9.64066260942
1230.0	259.0	7.2703067469	6.75264037309
1230.0	260.0	7.21453349285	7.33831152159
1230.0	261.0	14.2017646673	3.26009286409
1230.0	262.0	14.7805437188	3.03980986895
1230.0	263.0	6.52168235197	4.46365423404
1230.0	358.0	5.02569635275	9.73111467352
1230.0	359.0	4.41913590681	9.81822550041
1230.0	360.0	4.73483357125	9.93278220427
1230.0	361.0	4.77398008164	5.2431171399
1230.0	365.0	7.91622416834	13.4131580635
1230.0	397.0	12.2957926345	6.41803933389
1230.0	399.0	4.28927893417	11.361877085
1230.0	403.0	6.13232189916	10.9735775908
1240.0	29.0	15.0091088278	8.04832442574
1240.0	94.0	6.31269049811	9.91965591529
1240.0	95.0	5.94921725378	9.60963683546
1240.0	99.0	12.0596507815	4.5822681545
1240.0	100.0	9.48439970016	4.36246247896
1240.0	101.0	1.8781906383	1.62861447324
1240.0	102.0	1.02307089789	1.997105204
1240.0	103.0	0.333797663866	1.61119230787
1240.0	105.0	0.636025561288	4.6643671256
1240.0	106.0	3.39017198585	3.35269286637
1240.0	158.0	9.58163458081	7.56217441372
1240.0	159.0	8.87762878911	7.75572751129
1240.0	160.0	9.3080299383	7.25573523089
1240.0	164.0	6.18241259525	9.3284955914
1240.0	165.0	7.09056954328	8.42707752788
1240.0	166.0	9.65024620655	1.29114951645
1240.0	167.0	13.6465577081	1.53315055336
1240.0	250.0	0.677487187885	13.5374998191
1240.0	254.0	0.0814499974251	4.0779799977
1240.0	255.0	8.76713460656	5.69322952216
1240.0	257.0	10.2626996756	1.43577735508
1240.0	258.0	6.92788001354	9.72132962173
1240.0	259.0	6.92156606025	6.65550583461
1240.0	260.0	6.84432536502	7.28151048926
1240.0	261.0	14.1983972256	3.26677533848
1240.0	262.0	14.7748611608	3.04386708555
1240.0	263.0	5.92711841727	4.40279598511
1240.0	264.0	15.0941367321	6.9948800698
1240.0	358.0	5.11977425675	9.53636827695
1240.0	359.0	4.45302078946	9.59483992788
1240.0	360.0	4.80260333654	9.70963529154
1240.0	361.0	4.19625335571	4.998729505
1240.0	365.0	7.83729975224	13.2997946586
1240.0	397.0	12.3883972828	6.2466815977
1240.0	399.0	4.37346497802	11.2504229585
1240.0	403.0	5.97826143891	10.8282337728
1250.0	29.0	15.0156332462	8.04975638453
1250.0	94.0	6.33184282308	9.93946467867
1250.0	95.0	5.94542888181	9.62133116565
12